vx,vy,vz,xpos1,ypos1,photons1,xpos2,ypos2,photons2,xpos3,ypos3,photons3,xpos4,ypos4,photons4
0.00652307,0.00331297,-6.20275,-25,0,1,25,0,5
-0.0746888,-0.225015,-3.97,-25,0,41,25,0,57
-0.00128789,-3.82194e-05,-2.13433,-99.9,-99.9,-1,-99.9,-99.9,-1
-1.11768,0.429255,4.48036,-25,0,16,25,0,8
0.00640612,-0.0461733,8.31238,-25,0,1,-99.9,-99.9,-1
0.000543144,0.000464101,-8.28931,-99.9,-99.9,-1,-99.9,-99.9,-1
-2.84486,-4.69531,4.74414,-25,0,7,25,0,5
0.0262063,0.0134267,3.31832,-25,0,6,25,0,6
-0.0014785,0.0104573,-8.79453,-25,0,2,25,0,1
0.000582966,-0.000249992,1.3515,-25,0,1,-99.9,-99.9,-1
-0.00481513,0.00173105,3.51839,-99.9,-99.9,-1,-99.9,-99.9,-1
0.000230358,9.15336e-05,-4.9194,-99.9,-99.9,-1,-99.9,-99.9,-1
0.223182,-0.0156092,-0.535297,-25,0,40,25,0,35
1.93603,4.01304,-2.49903,-99.9,-99.9,-1,25,0,2
-0.0334327,0.134802,8.10975,-25,0,15,25,0,18
0.0459281,0.280892,3.40923,-25,0,35,25,0,43
0.0950541,0.164403,6.75173,-25,0,54,25,0,60
-2.13711,2.49114,0.616606,-25,0,1,-99.9,-99.9,-1
-0.00602148,-0.0779316,7.75859,-25,0,5,25,0,11
0.00764058,0.000209273,0.396336,-99.9,-99.9,-1,-99.9,-99.9,-1
0.000758519,0.000374797,5.89048,-99.9,-99.9,-1,-99.9,-99.9,-1
-0.0560789,0.0496872,9.14376,-25,0,6,25,0,9
0,0,-4.25313,-99.9,-99.9,-1,-99.9,-99.9,-1
0.145332,0.108762,6.1714,-25,0,44,25,0,52
-0.0933399,-0.139904,6.94402,-25,0,16,25,0,15
0.90103,0.0774881,4.90214,-25,0,31,25,0,26
-0.00270852,8.3468e-05,1.14754,-99.9,-99.9,-1,-99.9,-99.9,-1
0.255867,0.0331549,5.74603,-25,0,33,25,0,30
-0.000854599,0.000422975,-8.6903,-99.9,-99.9,-1,-99.9,-99.9,-1
6.32844,-2.07853,0.502396,-25,0,30,25,0,40
5.13907,-6.23189,1.98665,-25,0,21,25,0,23
-4.09884,-1.93181,0.209276,-25,0,4,25,0,1
10.1988,-8.49595,0.546116,-25,0,28,25,0,33
0.0622754,-0.101149,7.06572,-25,0,12,25,0,9
0.0897719,-0.0643229,-4.38238,-25,0,8,25,0,11
-0.0363708,-0.139668,-2.38793,-25,0,12,25,0,19
0.000582274,0.000910251,1.31824,-99.9,-99.9,-1,-99.9,-99.9,-1
-0.00135803,-0.000500812,0.0528729,-99.9,-99.9,-1,-99.9,-99.9,-1
0.223789,-0.0673012,-8.62907,-25,0,53,25,0,43
0.00113568,0.00111377,-9.10964,-99.9,-99.9,-1,-99.9,-99.9,-1
0.00494407,-0.000610255,3.19184,-99.9,-99.9,-1,-99.9,-99.9,-1
0.00283088,-0.00163734,2.59304,-99.9,-99.9,-1,-99.9,-99.9,-1
0,0,-3.42103,-99.9,-99.9,-1,-99.9,-99.9,-1
-0.213087,-0.145937,-3.02019,-25,0,17,25,0,30
-0.0130012,-0.246097,7.03428,-25,0,43,25,0,40
3.82707,3.76692,0.652717,-25,0,5,25,0,5
0.180272,-0.162597,4.40437,-25,0,21,25,0,21
0.198331,-0.157987,-1.57314,-25,0,27,25,0,21
0.00023435,-0.00135871,0.630373,-99.9,-99.9,-1,-99.9,-99.9,-1
-0.000464981,-0.000897703,-6.06041,-99.9,-99.9,-1,-99.9,-99.9,-1
0.000449748,-0.00100495,-0.978935,-99.9,-99.9,-1,-99.9,-99.9,-1
0,0,-1.66148,-99.9,-99.9,-1,-99.9,-99.9,-1
0.0565616,0.0117715,9.06529,-25,0,6,25,0,4
-0.00101234,0.000180451,-8.48542,-99.9,-99.9,-1,-99.9,-99.9,-1
0.0367541,0.276713,1.38863,-25,0,58,25,0,39
0.00338109,-0.000384217,1.89853,-99.9,-99.9,-1,-99.9,-99.9,-1
-0.023259,0.067295,-8.59827,-99.9,-99.9,-1,25,0,1
-0.00339711,0.000145172,-8.62888,-99.9,-99.9,-1,-99.9,-99.9,-1
-7.7137,7.80015,2.15024,-25,0,25,25,0,35
-0.000410975,-0.000766687,5.80857,-99.9,-99.9,-1,-99.9,-99.9,-1
0.00154602,-9.08329e-05,3.09857,-99.9,-99.9,-1,-99.9,-99.9,-1
-0.00372494,-0.000790064,-7.70516,-99.9,-99.9,-1,-99.9,-99.9,-1
-0.23833,-0.0736998,1.53631,-99.9,-99.9,-1,-99.9,-99.9,-1
-0.000144152,-0.000129922,2.13505,-99.9,-99.9,-1,-99.9,-99.9,-1
-0.00206434,-0.000867135,-5.81631,-99.9,-99.9,-1,-99.9,-99.9,-1
0.0201097,0.0985097,2.28299,-25,0,8,25,0,9
-0.0546416,2.46803e-05,6.45858,-25,0,3,25,0,4
-0.916207,-1.46419,-3.8406,-25,0,24,25,0,29
0.000304536,-4.01057e-05,-9.48168,-25,0,1,-99.9,-99.9,-1
0.00489122,-0.000508812,7.0034,-99.9,-99.9,-1,-99.9,-99.9,-1
0,0,-3.06684,-99.9,-99.9,-1,-99.9,-99.9,-1
-0.00284971,0.00163829,-1.3058,-99.9,-99.9,-1,-99.9,-99.9,-1
-0.00631663,0.000969096,1.02492,-99.9,-99.9,-1,-99.9,-99.9,-1
-0.0099438,0.00191105,5.35592,-99.9,-99.9,-1,-99.9,-99.9,-1
-1.56375,-5.2812,3.41546,-25,0,19,25,0,23
-2.36731,-1.17903,-4.24535,-25,0,25,25,0,23
-0.0945532,0.173009,-3.53266,-25,0,28,25,0,18
7.3198,4.15789,3.93101,-25,0,5,25,0,15
0,0,-0.371109,-99.9,-99.9,-1,-99.9,-99.9,-1
-1.15977,0.22233,-2.03564,-99.9,-99.9,-1,25,0,1
-1.02159,0.853937,6.21742,-25,0,27,25,0,19
0.000246577,0.000128488,-9.93194,-99.9,-99.9,-1,-99.9,-99.9,-1
-0.00329017,0.000461409,1.86322,-99.9,-99.9,-1,-99.9,-99.9,-1
-0.22492,0.112059,5.39589,-25,0,27,25,0,36
-0.000225928,0.00041398,-2.0194,-99.9,-99.9,-1,25,0,1
0.000845224,0.000575714,4.01863,-25,0,1,-99.9,-99.9,-1
-0.01475,-0.00253065,-5.21353,-25,0,2,25,0,1
0,0,-4.24443,-99.9,-99.9,-1,-99.9,-99.9,-1
0.0652912,-0.0962673,7.73389,-25,0,15,25,0,16
-9.1185,-6.63686,4.36944,-25,0,14,25,0,11
-0.00170733,-0.000888663,5.08516,-99.9,-99.9,-1,-99.9,-99.9,-1
-0.154054,0.0315211,8.45551,-25,0,14,25,0,15
-0.00497436,-0.00490903,8.43128,-99.9,-99.9,-1,-99.9,-99.9,-1
-0.00529377,-0.000490388,-0.491822,-99.9,-99.9,-1,-99.9,-99.9,-1
-0.0352252,-0.0627961,-7.7313,-25,0,55,25,0,44
0,0,-1.24191,-99.9,-99.9,-1,-99.9,-99.9,-1
0.0283413,-0.0526284,4.36933,-25,0,6,25,0,5
-0.00262361,0.00060506,-3.7522,-99.9,-99.9,-1,-99.9,-99.9,-1
5.38395,8.70981,-3.31782,-25,0,5,25,0,5
2.98506e-06,-0.000549238,-9.00216,-25,0,2,-99.9,-99.9,-1
0.00305725,0.0578219,-2.26604,-25,0,1,25,0,1
-0.00106297,-0.000329185,6.23624,-99.9,-99.9,-1,-99.9,-99.9,-1
0,0,-9.98598,-99.9,-99.9,-1,-99.9,-99.9,-1
-0.077202,0.0920678,-0.967315,-25,0,8,25,0,9
0.0351493,-0.00478947,-9.18198,-25,0,5,25,0,1
-0.0019288,0.00066307,4.76904,-99.9,-99.9,-1,-99.9,-99.9,-1
-0.0290155,0.064364,-2.54443,-25,0,11,25,0,8
0.0206888,-0.00167712,-7.23785,-25,0,32,25,0,39
0.0454046,-0.069912,0.941541,-25,0,25,25,0,34
0.000943876,-0.00132979,7.60246,-99.9,-99.9,-1,-99.9,-99.9,-1
-0.00273855,0.000474332,5.29945,-99.9,-99.9,-1,-99.9,-99.9,-1
-0.00234731,0.00566544,-4.74389,-99.9,-99.9,-1,-99.9,-99.9,-1
0.0497509,0.111032,2.99584,-25,0,11,25,0,9
0.00253613,-0.00130278,-8.33302,-99.9,-99.9,-1,-99.9,-99.9,-1
0.543267,-0.785724,6.71139,-25,0,1,25,0,1
0.0277318,-0.0357584,-5.03054,-25,0,5,25,0,9
-0.00378026,9.24207e-05,9.0452,-99.9,-99.9,-1,-99.9,-99.9,-1
-0.00104907,0.000528983,4.46328,-99.9,-99.9,-1,-99.9,-99.9,-1
-0.0278031,-0.255354,9.53537,-25,0,40,25,0,31
-0.00150341,-0.000344493,-3.88256,-99.9,-99.9,-1,-99.9,-99.9,-1
-8.40536e-05,-0.000253916,8.25655,-25,0,1,-99.9,-99.9,-1
-0.164034,-0.108518,3.33313,-25,0,19,25,0,23
0.00525502,-6.82182e-05,-6.86236,-99.9,-99.9,-1,-99.9,-99.9,-1
2.8623,-1.70868,2.99574,-25,0,13,25,0,22
0.0644185,-0.0784622,4.43547,-25,0,42,25,0,50
-0.00232893,0.00265482,3.96516,-99.9,-99.9,-1,-99.9,-99.9,-1
0.0023084,0.00127902,7.09222,-99.9,-99.9,-1,-99.9,-99.9,-1
0.000957017,-3.37491e-05,-8.00922,-99.9,-99.9,-1,-99.9,-99.9,-1
-0.00316788,0.000471151,-6.09043,-99.9,-99.9,-1,-99.9,-99.9,-1
0.000439297,0.000933665,1.36397,-99.9,-99.9,-1,-99.9,-99.9,-1
-0.000959114,-0.000322911,3.73813,-99.9,-99.9,-1,-99.9,-99.9,-1
-0.0757136,0.147689,-9.43037,-25,0,21,25,0,15
0.0012021,0.00164297,-7.02148,-99.9,-99.9,-1,-99.9,-99.9,-1
-0.00378397,-0.00207287,4.10819,-25,0,1,25,0,1
-0.212801,0.122242,-8.68676,-25,0,32,25,0,21
0.00334516,-0.000996651,8.11136,-99.9,-99.9,-1,-99.9,-99.9,-1
-0.000413593,-0.000262432,6.70612,-25,0,1,25,0,1
-3.86189,-4.71376,-5.56558,-25,0,5,25,0,4
0.00163539,0.000104047,4.17204,-99.9,-99.9,-1,-99.9,-99.9,-1
-0.196614,0.175451,6.00957,-25,0,46,25,0,31
0,0,-2.4944,-99.9,-99.9,-1,-99.9,-99.9,-1
0.00265809,0.00930376,8.02717,-25,0,3,25,0,1
-0.132029,0.206544,5.15595,-25,0,28,25,0,31
-1.69763,-2.77281,6.97076,-25,0,1,25,0,2
0.00239676,0.000387413,-5.99947,-99.9,-99.9,-1,-99.9,-99.9,-1
0.853572,0.0141326,7.2304,-25,0,12,25,0,8
16.0019,-7.13138,-0.602257,-25,0,1,-99.9,-99.9,-1
-0.00157668,-0.000231158,3.11283,-99.9,-99.9,-1,-99.9,-99.9,-1
0.155214,-0.123376,8.91,-25,0,27,25,0,19
0.00155524,0.00024857,4.86389,-99.9,-99.9,-1,25,0,1
0.00624297,-0.000241001,-0.668606,-99.9,-99.9,-1,-99.9,-99.9,-1
15.3482,-4.13179,-1.02403,-25,0,8,25,0,21
-0.346111,-0.372451,5.73969,-25,0,1,-99.9,-99.9,-1
-0.000277884,-0.000620126,3.5065,-25,0,1,-99.9,-99.9,-1
0.00077777,0.000850656,2.22012,-99.9,-99.9,-1,-99.9,-99.9,-1
-0.2598,0.0323101,-8.82538,-25,0,32,25,0,32
-0.00990126,0.0310887,8.28048,-25,0,1,25,0,2
-0.00019787,0.00247887,7.05921,-99.9,-99.9,-1,25,0,1
5.3128,8.56938,0.155682,-25,0,9,25,0,6
-0.529544,0.0208683,4.39188,-25,0,45,25,0,49
-0.000500293,-0.000664005,8.06097,-99.9,-99.9,-1,25,0,1
-0.000127031,-0.000515593,-7.60862,-99.9,-99.9,-1,-99.9,-99.9,-1
-1.16187,-1.39058,0.808809,-25,0,43,25,0,41
0.00202049,-0.000700891,-1.95223,-99.9,-99.9,-1,-99.9,-99.9,-1
0,0,-7.69883,-99.9,-99.9,-1,-99.9,-99.9,-1
-0.000744019,8.7633e-05,-3.7505,-99.9,-99.9,-1,-99.9,-99.9,-1
0.200393,0.00351431,6.91051,-25,0,14,25,0,28
0.00400484,0.00126805,0.273366,-99.9,-99.9,-1,-99.9,-99.9,-1
-0.000713734,-0.000589685,-7.83781,-99.9,-99.9,-1,-99.9,-99.9,-1
0.000378863,7.01295e-05,-9.26814,-99.9,-99.9,-1,-99.9,-99.9,-1
-0.00697435,0.108787,1.39259,-25,0,11,25,0,10
0.000297723,0.000310463,-0.894515,-99.9,-99.9,-1,-99.9,-99.9,-1
-0.00107194,0.000453656,0.00289848,-99.9,-99.9,-1,-99.9,-99.9,-1
-0.0032724,-0.00934607,-6.81292,-25,0,49,25,0,52
-0.00966157,0.027975,0.0539045,-25,0,5,25,0,6
0.165241,-0.186519,6.59547,-25,0,41,25,0,29
0.00061151,0.000388014,-6.08228,-25,0,1,-99.9,-99.9,-1
-9.48262e-05,-0.000766668,9.44241,-99.9,-99.9,-1,25,0,1
2.85553,0.518231,-4.5751,-99.9,-99.9,-1,25,0,4
-0.121469,0.141108,8.17697,-25,0,18,25,0,18
9.63619,-5.28609,-1.2816,-25,0,1,25,0,3
-2.929,-0.226601,-4.36199,-25,0,43,25,0,27
0.00571753,-0.00279522,-2.13697,-99.9,-99.9,-1,-99.9,-99.9,-1
0.539301,-0.321474,-8.47306,-25,0,45,25,0,49
3.70454,-2.07707,-0.374839,-25,0,3,25,0,9
0.0585486,0.0140098,-5.98148,-99.9,-99.9,-1,-99.9,-99.9,-1
-0.00123195,0.000131237,-7.08909,-99.9,-99.9,-1,25,0,1
-2.14036,-0.239444,-7.30427,-25,0,21,25,0,34
-0.000329291,0.000246007,-6.68803,-99.9,-99.9,-1,-99.9,-99.9,-1
-13.4328,8.61223,-6.8227,-25,0,67,25,0,24
0.000220896,-0.000607121,1.60182,-99.9,-99.9,-1,-99.9,-99.9,-1
-0.000745416,4.4791e-05,6.60285,-99.9,-99.9,-1,-99.9,-99.9,-1
0.180014,-0.0471282,5.5608,-25,0,23,25,0,21
-1.60677,-1.36813,-4.49487,-25,0,2,-99.9,-99.9,-1
-0.213736,0.145503,1.22104,-25,0,24,25,0,34
-0.00102412,-2.06247e-05,3.8209,-25,0,1,-99.9,-99.9,-1
0.0617011,0.0948688,-3.51919,-25,0,12,25,0,12
-0.0080295,-0.0878707,9.8595,-25,0,10,25,0,9
0.110811,0.634055,5.56573,-25,0,49,25,0,36
0.151761,-0.183128,-0.844924,-25,0,22,25,0,31
0.0502032,-0.0105616,-2.6718,-25,0,4,25,0,4
0.000555268,-0.000661609,-2.08983,-99.9,-99.9,-1,-99.9,-99.9,-1
-0.916068,-0.0396918,9.07614,-99.9,-99.9,-1,25,0,1
-0.00469154,0.00128008,5.69713,-99.9,-99.9,-1,-99.9,-99.9,-1
13.2927,4.88235,1.68872,-25,0,21,25,0,47
-0.0290055,-0.00779215,-1.00269,-25,0,4,25,0,4
-0.42152,-1.27698,2.07344,-25,0,5,25,0,5
0.00232999,0.00233305,4.0559,-99.9,-99.9,-1,-99.9,-99.9,-1
0,0,-0.239715,-99.9,-99.9,-1,-99.9,-99.9,-1
-0.00068109,0.000175454,7.97504,-99.9,-99.9,-1,-99.9,-99.9,-1
9.15864,2.07646,-3.41322,-25,0,11,25,0,25
0.230453,0.196713,1.51002,-25,0,11,25,0,15
0,0,-0.492457,-99.9,-99.9,-1,-99.9,-99.9,-1
-0.00637644,0.00131505,-4.74245,-99.9,-99.9,-1,25,0,1
0.118932,0.277136,-2.74626,-25,0,39,25,0,53
-0.473118,5.54928,8.83463,-25,0,14,25,0,10
6.00058,5.18856,2.8408,-25,0,21,25,0,27
0.000122163,-4.66952e-05,6.0445,-99.9,-99.9,-1,25,0,1
0.000326306,6.14325e-05,0.344199,-25,0,1,-99.9,-99.9,-1
0.0335096,-0.0259112,2.15058,-25,0,7,25,0,7
0.000735276,0.000235176,-4.69578,-99.9,-99.9,-1,25,0,1
0,0,-5.32243,-99.9,-99.9,-1,-99.9,-99.9,-1
-0.258942,-0.00718957,-1.53161,-25,0,36,25,0,34
0.00072853,0.0066461,-1.94229,-25,0,14,25,0,17
-0.0591157,0.104661,-8.02712,-25,0,32,25,0,25
-0.00310341,-0.0016662,-8.8177,-99.9,-99.9,-1,-99.9,-99.9,-1
2.18953,0.827364,-6.99297,-25,0,1,-99.9,-99.9,-1
-0.242162,-0.0794369,6.90333,-25,0,24,25,0,25
-0.627423,2.51266,-1.57602,-25,0,12,25,0,10
0.00156184,-0.000139756,5.27572,-25,0,1,-99.9,-99.9,-1
0.175691,-0.0235054,9.50487,-25,0,28,25,0,39
0.191241,0.056663,-9.45252,-25,0,16,25,0,28
0,0,-2.98742,-99.9,-99.9,-1,-99.9,-99.9,-1
0,0,-6.46131,-99.9,-99.9,-1,-99.9,-99.9,-1
-0.0269995,0.192709,-3.02939,-25,0,47,25,0,63
-0.00577476,0.0153162,9.7674,-25,0,2,25,0,4
0.00441447,-0.0145237,-4.05069,-99.9,-99.9,-1,25,0,1
5.90887e-05,0.000417375,1.41263,-99.9,-99.9,-1,-99.9,-99.9,-1
-0.212517,0.0348682,2.13673,-25,0,41,25,0,22
-0.0566537,-0.216308,2.10521,-25,0,42,25,0,37
0.00125582,-0.00123672,1.4559,-99.9,-99.9,-1,-99.9,-99.9,-1
-0.00112636,0.00038117,-6.93451,-99.9,-99.9,-1,-99.9,-99.9,-1
-0.129443,0.0955575,-2.98123,-25,0,15,25,0,18
0.0257081,0.0839726,3.20381,-25,0,38,25,0,39
0.489667,0.000521328,4.21819,-99.9,-99.9,-1,25,0,1
0.00100403,-0.000169385,-2.46528,-25,0,1,-99.9,-99.9,-1
-0.00265831,-0.000137229,-1.50109,-99.9,-99.9,-1,-99.9,-99.9,-1
-0.000983571,0.000437924,6.50929,-25,0,1,-99.9,-99.9,-1
0.822483,-1.28246,-0.783952,-25,0,1,25,0,1
0.000679407,0.000219271,1.30722,-99.9,-99.9,-1,-99.9,-99.9,-1
0.793276,0.185098,8.71127,-25,0,1,-99.9,-99.9,-1
0.00680093,0.0231361,6.46025,-25,0,3,25,0,2
-0.00361319,0.00113351,-1.35748,-99.9,-99.9,-1,-99.9,-99.9,-1
0,0,-8.83556,-99.9,-99.9,-1,-99.9,-99.9,-1
0.000799779,-0.0019319,0.767292,-99.9,-99.9,-1,25,0,1
0.134359,-0.893381,-7.12299,-25,0,4,25,0,4
-0.00374033,-0.00104877,6.68602,-99.9,-99.9,-1,-99.9,-99.9,-1
-0.0869644,0.132245,-8.21607,-25,0,23,25,0,17
-0.0572919,-0.00817461,-5.49321,-25,0,6,25,0,7
0.0022827,0.00138905,-2.41624,-25,0,1,-99.9,-99.9,-1
-0.0824837,0.0254573,-6.88349,-25,0,8,25,0,11
0.202777,0.0890094,-3.43819,-25,0,31,25,0,28
0.001655,0.000913991,-4.30251,-99.9,-99.9,-1,-99.9,-99.9,-1
0.000860709,-8.57105e-05,-2.10154,-99.9,-99.9,-1,-99.9,-99.9,-1
-0.00142443,0.000841613,5.15287,-99.9,-99.9,-1,-99.9,-99.9,-1
-0.000246339,0.000533449,-6.9541,-99.9,-99.9,-1,-99.9,-99.9,-1
-2.53367,7.67255,1.56935,-25,0,1,-99.9,-99.9,-1
-0.000616662,-0.00264407,-8.99882,-99.9,-99.9,-1,-99.9,-99.9,-1
0.0204165,-0.00455034,-3.95499,-99.9,-99.9,-1,25,0,1
0.00042215,-0.000633072,-0.832168,-99.9,-99.9,-1,-99.9,-99.9,-1
-0.00462331,-0.00429065,2.00188,-99.9,-99.9,-1,-99.9,-99.9,-1
0.00333174,-0.00232071,-8.19956,-99.9,-99.9,-1,-99.9,-99.9,-1
0.107138,-0.182875,1.21126,-25,0,25,25,0,21
0.0052465,-0.00989155,6.47035,-99.9,-99.9,-1,25,0,5
-0.135244,-0.106552,-9.75536,-25,0,18,25,0,17
0.000488036,0.000275696,-1.02635,-99.9,-99.9,-1,-99.9,-99.9,-1
0.248729,-0.00263102,7.86416,-25,0,30,25,0,28
0.233533,0.035964,-6.98268,-25,0,26,25,0,35
0.209687,-0.0642516,4.36408,-25,0,26,25,0,30
-0.00154405,0.00774488,-4.69425,-99.9,-99.9,-1,-99.9,-99.9,-1
-0.00103553,0.00158718,-4.23902,-99.9,-99.9,-1,-99.9,-99.9,-1
0.0480998,0.180091,2.55406,-25,0,30,25,0,19
-0.0012452,0.000242919,-9.34106,-99.9,-99.9,-1,-99.9,-99.9,-1
0.337619,-0.625828,-1.44764,-25,0,1,25,0,3
0.0350841,-0.0393041,6.18216,-25,0,15,25,0,11
-0.00326872,0.00497635,-1.26525,-25,0,1,25,0,2
-8.76076,0.176586,-3.29117,-25,0,3,25,0,3
-0.00121481,0.00203104,-1.73905,-99.9,-99.9,-1,-99.9,-99.9,-1
4.54895,10.1089,3.04473,-99.9,-99.9,-1,25,0,1
10.8687,-0.259166,5.53806,-25,0,22,25,0,31
-0.000663252,0.000232159,1.51242,-99.9,-99.9,-1,25,0,1
-0.00029877,0.000697726,6.77124,-99.9,-99.9,-1,-99.9,-99.9,-1
-0.00147114,8.82741e-05,0.381787,-25,0,1,-99.9,-99.9,-1
0.0283138,0.248903,-8.14024,-25,0,51,25,0,37
-1.43561,0.755795,6.25671,-25,0,9,25,0,11
0.00027945,0.000800799,0.131516,-99.9,-99.9,-1,-99.9,-99.9,-1
0.362425,-1.29306,-7.18503,-25,0,22,25,0,24
0.000528581,-0.0002735,-7.94193,-25,0,1,25,0,1
-0.00026643,0.000694875,-2.57527,-99.9,-99.9,-1,-99.9,-99.9,-1
-0.22525,0.119663,6.62768,-25,0,38,25,0,36
0.00128276,0.000352814,3.46561,-25,0,1,25,0,1
0.174468,0.0909475,-5.07404,-25,0,22,25,0,26
0.00499352,0.00094399,-7.10829,-99.9,-99.9,-1,-99.9,-99.9,-1
-0.00129943,-3.47491e-05,-3.51627,-99.9,-99.9,-1,-99.9,-99.9,-1
0.000827949,-0.000116471,-4.59911,-99.9,-99.9,-1,25,0,1
-0.0326963,-0.254428,5.15474,-25,0,26,25,0,33
-0.0078388,0.248083,-5.07833,-25,0,47,25,0,33
-0.191915,-0.15101,-2.58253,-25,0,29,25,0,32
-0.29867,-0.753499,0.307535,-25,0,4,25,0,4
-1.99469,1.00955,-1.83432,-25,0,29,25,0,34
-0.000796753,1.50483e-05,-9.70092,-99.9,-99.9,-1,-99.9,-99.9,-1
-0.212867,0.091462,5.52871,-25,0,35,25,0,52
0.163911,0.143217,5.3005,-25,0,27,25,0,15
0.0676159,0.229764,6.27263,-25,0,34,25,0,48
0,0,-2.17373,-99.9,-99.9,-1,-99.9,-99.9,-1
0.00361351,0.00253065,2.23732,-25,0,1,25,0,1
-6.84404,0.49725,2.84111,-25,0,1,25,0,1
0.140932,-0.0257018,-9.10969,-25,0,20,25,0,15
-0.00456584,0.00215354,-6.6699,-99.9,-99.9,-1,-99.9,-99.9,-1
-0.683872,-0.815067,-2.91473,-25,0,7,25,0,3
-0.0409537,-0.100338,-7.09177,-25,0,10,25,0,18
0.000347367,0.000169128,-7.6994,-99.9,-99.9,-1,-99.9,-99.9,-1
-0.110083,0.564457,-3.3645,-25,0,3,-99.9,-99.9,-1
0.00223205,-0.000613194,7.59839,-25,0,1,-99.9,-99.9,-1
0.00162409,7.74795e-05,2.60182,-99.9,-99.9,-1,25,0,1
-0.192946,-0.0746439,1.51405,-25,0,17,25,0,23
0.00217714,-0.00149556,-0.210023,-99.9,-99.9,-1,-99.9,-99.9,-1
0.405851,-0.594681,-8.6885,-25,0,30,25,0,30
0.00291272,0.000101064,2.05928,-99.9,-99.9,-1,-99.9,-99.9,-1
-0.000585037,0.000504192,2.35522,-99.9,-99.9,-1,-99.9,-99.9,-1
-0.00961494,-0.0594108,2.0029,-25,0,5,25,0,4
-0.19997,0.130734,2.05944,-25,0,48,25,0,40
0.00943297,0.0628226,-9.18434,-25,0,49,25,0,47
-0.0362712,0.0483584,-7.26795,-99.9,-99.9,-1,25,0,1
-0.0379141,-0.00625412,6.82857,-25,0,3,25,0,2
0.00392921,-0.00105387,-3.06364,-25,0,2,-99.9,-99.9,-1
0.054263,-0.0313053,0.78469,-25,0,9,25,0,11
0,0,-5.954,-99.9,-99.9,-1,-99.9,-99.9,-1
0.000423472,0.00117961,7.61363,-25,0,1,-99.9,-99.9,-1
0.00101044,0.0109921,-0.642859,-99.9,-99.9,-1,25,0,2
-0.0720171,0.0191747,1.89952,-25,0,48,25,0,57
-0.0511935,-0.0181947,6.39121,-25,0,7,25,0,5
0.00175583,0.00018829,9.24911,-99.9,-99.9,-1,-99.9,-99.9,-1
0.00262421,0.000837527,2.64339,-99.9,-99.9,-1,-99.9,-99.9,-1
-0.0128355,-0.048971,-5.21223,-25,0,1,25,0,1
0.000460711,0.000755222,-2.18206,-99.9,-99.9,-1,-99.9,-99.9,-1
0.945299,-0.863469,-1.87296,-25,0,4,25,0,5
0,0,-0.707297,-99.9,-99.9,-1,-99.9,-99.9,-1
0.00753628,0.00239693,-3.84215,-99.9,-99.9,-1,25,0,1
-0.000810004,0.00110382,-8.67494,-25,0,1,-99.9,-99.9,-1
-0.00236702,2.42558e-06,-7.08384,-99.9,-99.9,-1,25,0,1
0.00256804,0.000691315,2.09937,-99.9,-99.9,-1,-99.9,-99.9,-1
-0.0954032,0.122759,-8.26645,-25,0,23,25,0,16
0.0820247,-0.154584,-5.23312,-25,0,16,25,0,24
-0.0737025,-0.0371056,-2.86308,-25,0,27,25,0,24
-0.0621518,0.189904,-0.972382,-25,0,34,25,0,27
-0.00208601,0.000109404,1.45905,-99.9,-99.9,-1,-99.9,-99.9,-1
-3.20457,-1.09141,2.75412,-99.9,-99.9,-1,25,0,2
0.386187,0.499746,6.3797,-25,0,45,25,0,51
7.8132,8.17488,-6.97351,-25,0,23,25,0,37
0.231854,-0.0805049,6.13733,-25,0,35,25,0,43
-0.00350442,-0.000383698,7.31189,-99.9,-99.9,-1,-99.9,-99.9,-1
0.00180427,-0.000151727,2.67212,-25,0,1,-99.9,-99.9,-1
0.00217874,0.00284558,-7.86654,-99.9,-99.9,-1,-99.9,-99.9,-1
-0.000126444,-0.00064276,-8.73973,-99.9,-99.9,-1,-99.9,-99.9,-1
0.00110013,-0.000541402,-0.0864801,-25,0,1,-99.9,-99.9,-1
-2.92046,0.237504,-4.60403,-99.9,-99.9,-1,-99.9,-99.9,-1
-0.00221611,3.40809e-05,8.5495,-25,0,1,-99.9,-99.9,-1
1.01795,-5.75252,-0.993801,-25,0,3,25,0,4
-0.0710012,0.0778023,-4.98359,-25,0,43,25,0,47
-0.076641,-0.126017,2.02381,-25,0,18,25,0,11
-0.13511,0.0128045,-5.93888,-25,0,16,25,0,14
0.115447,0.116423,-1.39334,-99.9,-99.9,-1,-99.9,-99.9,-1
-0.00449503,-0.000189824,0.314229,-99.9,-99.9,-1,-99.9,-99.9,-1
-0.000265556,-0.000943429,8.20958,-99.9,-99.9,-1,-99.9,-99.9,-1
6.73736,0.93329,2.05032,-25,0,3,25,0,7
-2.52705,-0.061679,-0.780751,-25,0,63,25,0,51
0,0,-6.61358,-99.9,-99.9,-1,-99.9,-99.9,-1
0.00127531,0.00116743,-0.438132,-25,0,1,25,0,1
-0.0251742,0.264217,6.48529,-25,0,38,25,0,35
-0.106566,0.0144528,6.46042,-25,0,10,25,0,8
-0.334656,0.285765,-0.423445,-25,0,2,-99.9,-99.9,-1
-0.0154397,-0.0280328,-1.67167,-25,0,1,-99.9,-99.9,-1
0.00138998,-0.000509636,8.49165,-99.9,-99.9,-1,-99.9,-99.9,-1
-0.00126856,0.000294583,-7.86324,-99.9,-99.9,-1,-99.9,-99.9,-1
-0.00018484,0.000561541,-8.10282,-99.9,-99.9,-1,-99.9,-99.9,-1
-0.0281566,0.083959,4.17331,-25,0,5,25,0,11
-0.00117098,0.000445315,5.50977,-99.9,-99.9,-1,25,0,1
-0.00415824,0.000494881,-9.98942,-99.9,-99.9,-1,-99.9,-99.9,-1
-0.208807,-0.14776,3.88567,-25,0,35,25,0,29
-0.00410765,-0.00404761,-9.07085,-25,0,1,-99.9,-99.9,-1
1.38134,0.423468,6.01686,-25,0,51,25,0,56
-0.475407,0.323523,0.789125,-25,0,13,25,0,14
0.733123,-0.575414,3.15993,-25,0,30,25,0,12
-0.000334695,0.000998665,2.06151,-99.9,-99.9,-1,25,0,1
0.426565,-0.236236,4.40978,-25,0,46,25,0,43
1.5032,0.599319,-1.93147,-25,0,10,25,0,10
0.0448299,0.0639611,1.35591,-25,0,5,25,0,4
0.0293528,-0.120165,-4.26606,-25,0,20,25,0,13
0.0248804,-0.0630464,-3.58414,-99.9,-99.9,-1,-99.9,-99.9,-1
-5.42127,-2.29688,-8.95647,-25,0,26,25,0,20
0.102273,-0.0387098,-2.71097,-25,0,10,25,0,13
-0.063808,-0.107305,-5.03609,-25,0,15,25,0,11
-0.135501,-0.240827,0.933819,-99.9,-99.9,-1,-99.9,-99.9,-1
4.64442e-06,0.000749186,-3.90468,-99.9,-99.9,-1,-99.9,-99.9,-1
-0.144652,-0.0629278,-1.86453,-25,0,20,25,0,11
-0.0114273,0.00977328,4.14253,-25,0,3,25,0,5
-0.180569,0.195747,7.99461,-25,0,37,25,0,41
0.00142811,0.000604536,0.93361,-99.9,-99.9,-1,-99.9,-99.9,-1
-0.00108428,-0.000359934,8.43297,-99.9,-99.9,-1,-99.9,-99.9,-1
0.000167164,0.00060064,-2.04975,-25,0,2,25,0,1
-0.0842964,0.114764,9.05343,-25,0,12,25,0,9
0.00164441,-0.00059778,-4.27919,-99.9,-99.9,-1,-99.9,-99.9,-1
0,0,-1.64838,-99.9,-99.9,-1,-99.9,-99.9,-1
0.00168379,-0.000323263,-1.13932,-99.9,-99.9,-1,-99.9,-99.9,-1
-0.0844486,-0.00325195,9.48755,-25,0,25,25,0,30
-0.0380532,-0.104727,2.94848,-25,0,29,25,0,30
-0.000911251,-0.000558214,-5.20266,-99.9,-99.9,-1,25,0,1
-0.0021532,0.0395576,3.57875,-25,0,1,25,0,5
0.00206549,-5.6954e-05,3.33163,-99.9,-99.9,-1,-99.9,-99.9,-1
-0.0703315,0.134372,9.63538,-25,0,17,25,0,14
2.40688,-1.33103,0.769063,-25,0,1,25,0,3
-13.9207,-5.43615,7.32353,-25,0,1,25,0,1
0.170536,0.254327,4.52134,-99.9,-99.9,-1,-99.9,-99.9,-1
-0.224895,0.038867,-7.71369,-25,0,30,25,0,30
-0.251774,-0.0214151,4.38938,-25,0,46,25,0,39
-0.00280028,0.000790641,-4.6438,-99.9,-99.9,-1,-99.9,-99.9,-1
0.0528893,-0.0451608,-8.24578,-25,0,4,25,0,8
-0.0438924,-0.0262765,-6.83318,-25,0,36,25,0,41
4.23245,-4.2383,-3.82961,-25,0,15,25,0,13
0.14584,0.223188,9.09825,-25,0,33,25,0,37
-1.30921,1.90727,-7.88213,-25,0,41,25,0,41
0.000746953,-0.000888571,6.71496,-25,0,2,-99.9,-99.9,-1
0.000247086,0.000590768,5.99165,-99.9,-99.9,-1,-99.9,-99.9,-1
0.000192105,0.000804005,-9.08829,-25,0,1,-99.9,-99.9,-1
-9.00909,-2.3832,-4.00875,-25,0,42,25,0,21
-0.0015952,0.000279501,3.35888,-99.9,-99.9,-1,-99.9,-99.9,-1
-7.94433,5.73914,4.20025,-25,0,8,25,0,7
6.08155,0.168451,-0.352946,-99.9,-99.9,-1,25,0,2
-6.44759,0.343199,-0.327577,-25,0,16,25,0,11
-0.628686,0.563318,-9.11373,-25,0,4,-99.9,-99.9,-1
0.698997,-0.311259,0.22511,-25,0,30,25,0,30
8.41323,-8.82374,-4.43264,-25,0,3,25,0,5
0.000750945,-0.00109564,5.99536,-25,0,1,-99.9,-99.9,-1
0.100902,0.0244336,6.5613,-25,0,36,25,0,41
4.81922,2.93769,2.3713,-25,0,2,-99.9,-99.9,-1
-0.402183,-1.94612,2.63841,-25,0,2,25,0,2
-0.0862109,-0.176899,-3.79343,-25,0,16,25,0,24
-5.03044e-05,-0.000227738,2.50426,-99.9,-99.9,-1,25,0,1
-0.00193255,-0.0194122,-0.466713,-25,0,47,25,0,40
0.592007,0.328027,-8.7346,-25,0,39,25,0,41
-0.00779105,0.00125963,7.44419,-99.9,-99.9,-1,-99.9,-99.9,-1
-8.79724,0.974769,-7.23821,-25,0,14,25,0,12
0.0924857,0.214049,-2.41065,-25,0,32,25,0,32
0.0032151,-0.000640174,9.91829,-99.9,-99.9,-1,-99.9,-99.9,-1
0.0232051,-0.0914115,8.95344,-25,0,10,25,0,9
7.8363,-1.91831,-3.25238,-99.9,-99.9,-1,25,0,1
0.120002,-0.127479,-5.1234,-25,0,50,25,0,39
4.17171,-6.87338,-4.02768,-25,0,20,25,0,35
-0.169491,-0.0375902,-9.4092,-25,0,18,25,0,21
0.455448,-2.65356,4.89563,-25,0,13,25,0,14
-4.58153,12.404,1.04061,-25,0,19,25,0,15
-0.0628551,0.696168,-1.75434,-25,0,9,25,0,12
-0.000117712,-0.00264708,7.52368,-99.9,-99.9,-1,-99.9,-99.9,-1
-0.0052045,-0.00147367,-4.29003,-99.9,-99.9,-1,-99.9,-99.9,-1
0.0391954,0.197923,-7.87212,-25,0,27,25,0,28
0.104212,-0.100053,-2.9454,-25,0,24,25,0,18
-0.726208,-2.0249,-1.05795,-99.9,-99.9,-1,-99.9,-99.9,-1
-2.49078,0.973256,7.03138,-25,0,6,25,0,3
-0.135247,0.149424,6.78137,-25,0,21,25,0,18
0.0235913,-0.0244397,-3.90851,-25,0,5,25,0,3
-0.0102932,0.0182987,8.00877,-25,0,2,25,0,3
-0.195907,0.00274281,2.74895,-25,0,16,25,0,20
-0.0321185,-0.166218,1.2753,-25,0,23,25,0,18
0.0714362,-0.18793,-5.64975,-25,0,22,25,0,25
-0.00395889,-0.000196858,6.56277,-99.9,-99.9,-1,25,0,1
0.00165093,-0.000616776,5.65179,-99.9,-99.9,-1,-99.9,-99.9,-1
0.000746345,0.000186297,-9.23719,-99.9,-99.9,-1,-99.9,-99.9,-1
-0.0344037,-0.0205601,-4.7476,-25,0,5,25,0,4
0.0247235,-0.147556,-5.81612,-25,0,33,25,0,35
0.0205842,0.0893744,8.40388,-25,0,9,25,0,5
0.0698433,-0.14411,3.18201,-25,0,10,25,0,15
5.10227,8.03058,1.5395,-25,0,16,25,0,17
-0.496178,0.168557,5.19764,-25,0,9,25,0,8
-0.00166579,-0.000508865,-7.16142,-99.9,-99.9,-1,25,0,1
5.27666e-05,0.000168768,7.8325,-99.9,-99.9,-1,-99.9,-99.9,-1
0.000526968,-7.87579e-05,5.68561,-99.9,-99.9,-1,-99.9,-99.9,-1
-0.00078696,0.000315274,-7.43177,-99.9,-99.9,-1,-99.9,-99.9,-1
-7.4626,-1.83031,7.14231,-25,0,34,25,0,40
0.00093166,-0.000485839,8.88731,-25,0,2,25,0,1
-0.148712,-0.259135,-8.97808,-25,0,19,25,0,20
-0.398579,0.209681,-2.04961,-25,0,41,25,0,55
0.00318524,-0.000400953,4.69999,-99.9,-99.9,-1,-99.9,-99.9,-1
0.00175063,0.000138423,7.00139,-99.9,-99.9,-1,-99.9,-99.9,-1
-0.0019491,-0.00157527,-3.16171,-99.9,-99.9,-1,25,0,1
0.0534855,-0.177716,-7.62979,-25,0,9,25,0,25
0.0877038,0.042352,7.00413,-25,0,11,25,0,13
-0.0045704,0.0842151,-9.29212,-25,0,11,25,0,9
0.235979,-0.0900879,5.71,-25,0,27,25,0,36
-0.154213,-0.184671,-4.98246,-25,0,31,25,0,31
0.00526555,-0.00102675,-1.10351,-99.9,-99.9,-1,-99.9,-99.9,-1
-13.0812,18.3956,5.71482,-25,0,4,25,0,7
0.0399732,-0.00397896,4.06107,-25,0,5,25,0,5
-2.05109,-4.56382,-0.508849,-25,0,53,25,0,34
-0.0591064,0.126943,-3.59173,-25,0,14,25,0,13
0.00166586,5.92937e-05,-3.50011,-99.9,-99.9,-1,25,0,1
-0.0698676,0.0591029,-1.0975,-25,0,9,25,0,11
19.8435,-9.76017,6.04821,-25,0,12,25,0,21
0.00304066,0.00109273,5.61335,-99.9,-99.9,-1,-99.9,-99.9,-1
0,0,-1.17435,-99.9,-99.9,-1,-99.9,-99.9,-1
-7.48281,-4.79784,0.521155,-25,0,25,25,0,16
0,0,-7.97326,-99.9,-99.9,-1,-99.9,-99.9,-1
-0.682855,-0.225477,2.91572,-25,0,1,25,0,3
0.00155829,0.000550315,4.42856,-99.9,-99.9,-1,-99.9,-99.9,-1
-6.56578,4.60685,6.70136,-99.9,-99.9,-1,-99.9,-99.9,-1
-0.876931,0.238741,-6.02113,-99.9,-99.9,-1,25,0,1
-0.00499478,-0.00228333,-8.4636,-25,0,1,25,0,2
0.010546,-0.154037,-0.45135,-25,0,8,25,0,20
-0.269659,0.0161491,0.674493,-25,0,45,25,0,41
-0.462081,1.79502,3.46428,-99.9,-99.9,-1,-99.9,-99.9,-1
0.104044,0.126944,1.9742,-25,0,22,25,0,18
0.0358365,-0.0970686,7.69684,-25,0,9,25,0,11
0.000913095,-0.000692213,8.74323,-99.9,-99.9,-1,-99.9,-99.9,-1
-1.85206,0.86623,-5.216,-25,0,8,25,0,9
-0.00038216,-0.00105337,-8.60048,-99.9,-99.9,-1,-99.9,-99.9,-1
-0.203794,-0.0876008,-0.24037,-25,0,19,25,0,29
-0.117689,-0.0979977,9.78873,-25,0,16,25,0,17
0.0685272,0.257212,9.02722,-25,0,1,25,0,3
-0.373554,-0.896375,-2.92545,-25,0,30,25,0,21
-8.74509e-05,0.00115095,-1.1531,-99.9,-99.9,-1,-99.9,-99.9,-1
-0.000367092,0.000718608,3.54346,-99.9,-99.9,-1,-99.9,-99.9,-1
-0.0298629,-0.017854,1.93644,-25,0,1,25,0,1
-0.0955698,-0.159357,-1.93356,-25,0,21,25,0,21
-0.000606978,-0.00054606,-9.83088,-99.9,-99.9,-1,-99.9,-99.9,-1
0,0,-2.16957,-99.9,-99.9,-1,-99.9,-99.9,-1
-0.250961,0.0883238,6.25484,-25,0,32,25,0,35
-0.0100985,-0.045526,-6.30122,-25,0,42,25,0,49
6.86276e-05,0.00043831,-1.10583,-99.9,-99.9,-1,-99.9,-99.9,-1
0,0,-8.63342,-99.9,-99.9,-1,-99.9,-99.9,-1
0.545651,0.166833,1.66147,-25,0,4,25,0,9
0.00539085,-0.000693157,1.82205,-99.9,-99.9,-1,-99.9,-99.9,-1
0.0028442,0.00113602,0.0818697,-99.9,-99.9,-1,-99.9,-99.9,-1
0.108159,0.00676057,5.05124,-25,0,19,25,0,14
-0.00165489,-4.62563e-06,5.69824,-99.9,-99.9,-1,-99.9,-99.9,-1
0.000342546,0.000194842,1.42874,-99.9,-99.9,-1,-99.9,-99.9,-1
-0.193824,0.0350713,-5.6285,-25,0,16,25,0,21
0.0293029,0.0644462,-7.78789,-25,0,10,25,0,4
-0.00168964,-0.000554794,-3.11129,-99.9,-99.9,-1,-99.9,-99.9,-1
-0.231448,0.030696,2.26927,-25,0,38,25,0,39
0.25154,-0.0787933,8.72094,-25,0,40,25,0,32
-0.000326156,-0.00088283,-3.53728,-99.9,-99.9,-1,-99.9,-99.9,-1
-5.6045,-3.4786,-3.38092,-25,0,21,25,0,18
-0.0321789,-0.263734,6.56706,-25,0,25,25,0,30
-17.9651,-7.4418,6.98358,-25,0,3,25,0,1
0.00135053,-0.000603507,-9.96177,-99.9,-99.9,-1,-99.9,-99.9,-1
-0.00182987,0.00280716,2.89959,-99.9,-99.9,-1,-99.9,-99.9,-1
-0.219606,-0.123912,-5.40257,-25,0,33,25,0,44
-0.0446916,0.0534348,9.04499,-25,0,5,25,0,10
3.16531e-05,-0.00192998,7.80911,-99.9,-99.9,-1,-99.9,-99.9,-1
-8.81282e-05,-0.00190124,-1.5807,-99.9,-99.9,-1,-99.9,-99.9,-1
0.0209288,0.0788891,-5.33107,-25,0,7,25,0,10
0.0657264,-0.0552577,-5.26618,-25,0,10,25,0,13
-25.9416,-11.1994,3.99202,-25,0,25,25,0,9
0.136512,0.189991,-6.36284,-25,0,23,25,0,36
-0.0352871,0.023835,9.88318,-25,0,4,25,0,4
-0.000132705,1.93632e-05,6.71948,-99.9,-99.9,-1,-99.9,-99.9,-1
0.00232535,0.00133627,2.21743,-99.9,-99.9,-1,-99.9,-99.9,-1
-0.215563,0.130474,6.57817,-25,0,47,25,0,39
0.08498,0.0458198,8.48628,-25,0,14,25,0,11
0.000441117,0.000517509,5.18023,-99.9,-99.9,-1,25,0,1
0.000387685,0.000250415,0.771376,-99.9,-99.9,-1,-99.9,-99.9,-1
-0.000510276,-0.000994033,7.20585,-99.9,-99.9,-1,-99.9,-99.9,-1
-1.51682,3.21412,4.26952,-99.9,-99.9,-1,-99.9,-99.9,-1
0.00319981,-0.000157897,9.68637,-99.9,-99.9,-1,-99.9,-99.9,-1
-0.00240046,-0.00119603,2.26785,-99.9,-99.9,-1,-99.9,-99.9,-1
-0.00611429,-0.000654775,2.7941,-99.9,-99.9,-1,-99.9,-99.9,-1
-0.000574438,0.000103866,-4.40431,-99.9,-99.9,-1,-99.9,-99.9,-1
-0.243045,0.146499,-0.875767,-25,0,34,25,0,33
0.013747,0.0604961,-5.70784,-25,0,56,25,0,54
-2.73962,1.47413,6.10367,-25,0,2,-99.9,-99.9,-1
-0.306558,-1.13929,-8.6658,-99.9,-99.9,-1,-99.9,-99.9,-1
0,0,-5.74758,-99.9,-99.9,-1,-99.9,-99.9,-1
-0.109611,-0.161443,-4.87648,-25,0,18,25,0,23
-0.155811,-0.0708313,4.02886,-25,0,19,25,0,23
-0.000228562,-0.000228841,0.992472,-99.9,-99.9,-1,-99.9,-99.9,-1
0.00129254,-0.00147938,2.9969,-99.9,-99.9,-1,-99.9,-99.9,-1
2.84495,1.90508,1.96999,-25,0,33,25,0,37
8.65364,1.64459,-3.49351,-25,0,7,25,0,6
-0.00156763,0.00203092,8.26155,-99.9,-99.9,-1,25,0,1
0.24934,0.253476,-0.587005,-25,0,2,25,0,2
0.219445,-0.177815,1.43612,-99.9,-99.9,-1,-99.9,-99.9,-1
0.00185312,0.417141,-6.63336,-25,0,3,25,0,7
-0.0953863,-0.108218,-0.514214,-25,0,16,25,0,12
0,0,-5.48902,-99.9,-99.9,-1,-99.9,-99.9,-1
0.0712289,-0.0342031,4.26301,-25,0,39,25,0,44
-0.000255287,0.000508823,8.40008,-99.9,-99.9,-1,25,0,1
0.0269551,0.000400949,-1.08946,-25,0,1,25,0,2
-0.0271245,-0.0436724,-6.24444,-25,0,5,25,0,6
0.000941108,7.65703e-05,-4.36,-99.9,-99.9,-1,-99.9,-99.9,-1
0.000255043,-0.000128498,7.60396,-99.9,-99.9,-1,-99.9,-99.9,-1
0.00157259,0.00209269,-2.15173,-99.9,-99.9,-1,-99.9,-99.9,-1
-0.24462,-0.161945,-2.8567,-25,0,41,25,0,38
-0.000381525,0.000512448,2.60846,-99.9,-99.9,-1,-99.9,-99.9,-1
0.00228711,0.00026541,9.43207,-25,0,1,-99.9,-99.9,-1
0.00536284,0.000306076,-5.10864,-99.9,-99.9,-1,-99.9,-99.9,-1
0.000264421,0.000428677,-7.22927,-99.9,-99.9,-1,-99.9,-99.9,-1
-0.00112059,0.00122356,-5.92626,-99.9,-99.9,-1,-99.9,-99.9,-1
0.000339457,0.000888434,1.83313,-99.9,-99.9,-1,-99.9,-99.9,-1
-0.0893047,-0.182408,-9.53611,-99.9,-99.9,-1,25,0,1
0.223609,0.07887,5.61303,-25,0,36,25,0,29
0.115211,-0.196354,5.75788,-25,0,41,25,0,43
-0.00867895,-0.00183162,-0.653615,-25,0,40,25,0,46
-0.00255668,0.000476501,-3.85083,-99.9,-99.9,-1,25,0,1
2.24008,-1.44137,-5.71791,-25,0,45,25,0,34
0.15753,-0.492567,1.44505,-25,0,19,25,0,24
-0.000439151,-0.00116532,-8.77164,-99.9,-99.9,-1,-99.9,-99.9,-1
0.00458489,-0.0225934,-4.59172,-25,0,4,25,0,3
0.00108144,0.000668925,-5.46559,-25,0,1,-99.9,-99.9,-1
-0.000733888,-0.000960294,6.12718,-99.9,-99.9,-1,-99.9,-99.9,-1
0.0295364,-0.105631,-3.0341,-25,0,9,25,0,9
-0.2521,-0.0749279,0.380994,-25,0,26,25,0,33
0.460075,2.5095,0.487894,-99.9,-99.9,-1,25,0,1
-0.27092,0.413739,-5.09253,-25,0,45,25,0,45
0,0,-2.82566,-99.9,-99.9,-1,-99.9,-99.9,-1
-0.0128885,0.0323738,9.87568,-25,0,8,25,0,5
0.0022482,-0.00105807,9.35648,-25,0,1,-99.9,-99.9,-1
-0.000413752,-0.00129103,-2.1891,-99.9,-99.9,-1,-99.9,-99.9,-1
0.0373452,-0.000176371,9.70558,-25,0,14,25,0,14
0.0011965,0.0012763,-4.49083,-25,0,1,-99.9,-99.9,-1
0.795484,0.436487,-4.01024,-25,0,1,25,0,3
0.00666767,-0.000642227,7.05948,-99.9,-99.9,-1,-99.9,-99.9,-1
0.00501471,-0.000919453,2.10433,-99.9,-99.9,-1,25,0,1
-11.1403,4.40925,5.00395,-25,0,2,25,0,2
0.000188527,-0.000315452,6.31748,-99.9,-99.9,-1,-99.9,-99.9,-1
0.0894645,-0.190937,9.47901,-25,0,40,25,0,53
-0.00104985,-0.00163802,-0.173309,-99.9,-99.9,-1,-99.9,-99.9,-1
-0.0203077,0.0203276,-5.01786,-25,0,6,25,0,3
0.00128738,-0.000713952,-7.91224,-99.9,-99.9,-1,-99.9,-99.9,-1
-0.0120725,0.0679421,9.84576,-25,0,10,25,0,8
-0.000999059,-0.000626325,-0.187356,-25,0,1,-99.9,-99.9,-1
0.10029,-0.244789,7.53209,-25,0,3,25,0,2
0.00267481,-0.000810274,-4.09346,-99.9,-99.9,-1,-99.9,-99.9,-1
0.01253,-0.051603,9.8075,-25,0,8,25,0,13
-0.0800868,0.0464657,-8.47171,-25,0,10,25,0,12
0.126149,-0.209692,-6.77578,-25,0,38,25,0,33
0.0480104,-0.0174393,2.70826,-25,0,1,-99.9,-99.9,-1
0.00143197,-0.000464422,4.86947,-25,0,1,-99.9,-99.9,-1
-0.000569126,0.00103683,3.71567,-99.9,-99.9,-1,-99.9,-99.9,-1
0.0719128,0.00711012,-6.42984,-25,0,7,25,0,6
0.00247089,0.000378694,-5.32627,-99.9,-99.9,-1,-99.9,-99.9,-1
0.0497725,-0.051668,1.36043,-25,0,7,25,0,5
1.05715,-1.75166,5.02332,-25,0,3,25,0,6
-0.214035,-0.143441,-1.81336,-25,0,34,25,0,42
-0.0230033,0.183362,-0.459077,-25,0,17,25,0,15
0,0,-7.54952,-99.9,-99.9,-1,-99.9,-99.9,-1
0.118062,0.0914482,-6.25716,-25,0,16,25,0,15
0.00178143,0.000759098,3.12375,-99.9,-99.9,-1,-99.9,-99.9,-1
-0.532236,-0.0236071,-2.63822,-99.9,-99.9,-1,25,0,3
-0.00038633,0.000996443,-6.86298,-99.9,-99.9,-1,-99.9,-99.9,-1
0.216271,-0.0235222,-4.15301,-25,0,56,25,0,50
-0.0354757,-0.0406981,6.03637,-25,0,41,25,0,46
0.0024782,9.61536e-05,3.90726,-99.9,-99.9,-1,-99.9,-99.9,-1
-0.00290322,0.000921369,5.93826,-99.9,-99.9,-1,-99.9,-99.9,-1
0.00322448,0.000855822,-4.48474,-99.9,-99.9,-1,-99.9,-99.9,-1
0.00505639,-0.000817043,-4.28241,-25,0,1,-99.9,-99.9,-1
-0.155243,-0.177701,-7.62376,-25,0,24,25,0,22
-0.00280492,-0.00112856,2.13199,-99.9,-99.9,-1,-99.9,-99.9,-1
0.00176807,0.000657418,2.0925,-99.9,-99.9,-1,-99.9,-99.9,-1
-1.54676,-5.04441,2.97403,-25,0,38,25,0,34
-0.0167918,0.000791021,-4.55361,-25,0,3,25,0,4
7.06199,-3.41611,6.24683,-25,0,8,25,0,12
-0.00211066,-0.000488925,-1.7649,-99.9,-99.9,-1,-99.9,-99.9,-1
-0.000657263,0.000652856,8.45796,-99.9,-99.9,-1,-99.9,-99.9,-1
0.0286453,-0.227867,0.695192,-25,0,32,25,0,15
-0.000431104,-0.00025698,4.94887,-99.9,-99.9,-1,-99.9,-99.9,-1
-0.00078807,-0.000272827,-9.18852,-99.9,-99.9,-1,25,0,1
0,0,-4.78256,-99.9,-99.9,-1,-99.9,-99.9,-1
0.0353611,0.748768,-6.66099,-25,0,1,25,0,2
-0.187241,-0.119869,9.72111,-25,0,27,25,0,30
0.0814022,-0.0741922,-4.10949,-25,0,15,25,0,13
-0.293686,0.150333,-0.299428,-25,0,48,25,0,45
0.00114537,0.00218706,-3.41832,-99.9,-99.9,-1,-99.9,-99.9,-1
0.0920129,-0.161187,-0.544164,-25,0,27,25,0,20
0.013198,-0.243752,-8.65327,-25,0,33,25,0,25
0.996534,-1.38018,-6.5028,-25,0,15,25,0,33
-0.00375435,0.0962355,-9.70028,-25,0,7,25,0,11
-0.000184204,0.000199817,-0.337353,-99.9,-99.9,-1,25,0,1
-0.211236,0.174479,-2.41293,-25,0,45,25,0,34
0.832163,1.5813,-5.39538,-25,0,1,25,0,1
0.173117,0.0865459,-7.2139,-25,0,17,25,0,31
0.000265178,-0.000514716,6.06926,-99.9,-99.9,-1,25,0,1
0.0680656,0.242325,9.33119,-25,0,35,25,0,29
0.00221292,0.000406542,-7.4879,-99.9,-99.9,-1,-99.9,-99.9,-1
-0.13422,-0.0568816,9.59001,-25,0,28,25,0,28
-0.945712,-3.0124,-4.79227,-25,0,48,25,0,37
0.00298314,0.000963262,6.12674,-25,0,1,-99.9,-99.9,-1
-0.00101977,-0.000289504,5.14756,-99.9,-99.9,-1,-99.9,-99.9,-1
0.236186,0.0978945,8.60943,-25,0,54,25,0,33
-13.3745,-16.222,4.76482,-25,0,17,25,0,5
1.36657,-3.18397,3.19099,-25,0,20,25,0,32
0,0,-0.968992,-99.9,-99.9,-1,-99.9,-99.9,-1
-0.476169,0.644693,1.46874,-25,0,39,25,0,29
0,0,-3.38742,-99.9,-99.9,-1,-99.9,-99.9,-1
0.384825,-0.267994,-4.69808,-25,0,38,25,0,40
-0.0021856,0.000439195,3.39012,-99.9,-99.9,-1,-99.9,-99.9,-1
0.449451,-0.282965,-0.347167,-25,0,31,25,0,29
-0.0571696,0.0262734,-6.06891,-25,0,10,25,0,4
-0.033607,-0.0203658,8.20059,-25,0,1,25,0,5
-0.129142,0.0910289,7.87193,-25,0,23,25,0,21
0.00024116,-0.00072604,-4.33801,-99.9,-99.9,-1,-99.9,-99.9,-1
0.327331,1.13276,-0.122746,-99.9,-99.9,-1,25,0,1
-0.00274412,-7.05639e-05,9.69664,-99.9,-99.9,-1,-99.9,-99.9,-1
-0.923111,0.849152,4.18647,-25,0,2,-99.9,-99.9,-1
2.83147,8.63211,1.53268,-25,0,14,25,0,13
-0.0182608,0.184813,7.02291,-25,0,28,25,0,25
0.0441495,0.0715379,-1.96318,-25,0,3,25,0,5
-0.00144347,-0.000480654,-1.01661,-99.9,-99.9,-1,-99.9,-99.9,-1
-0.00084468,0.114982,-2.86943,-25,0,48,25,0,35
-0.0464951,0.137369,-6.86587,-25,0,16,25,0,18
4.2313,-3.15323,0.699393,-25,0,35,25,0,52
-0.00162054,-0.000124861,3.04558,-99.9,-99.9,-1,25,0,2
-0.00133325,-0.00176898,8.8464,-99.9,-99.9,-1,-99.9,-99.9,-1
7.93206,5.82555,6.91193,-25,0,2,25,0,8
-7.0374,1.11205,-5.80647,-25,0,9,25,0,2
4.04627,3.25543,-0.539331,-25,0,19,25,0,31
-0.000524548,-0.000310871,-7.89804,-99.9,-99.9,-1,-99.9,-99.9,-1
0.00175193,0.000953633,6.96555,-99.9,-99.9,-1,-99.9,-99.9,-1
0.0278163,0.146352,4.58996,-25,0,16,25,0,19
-2.82775,-0.0511025,5.98616,-99.9,-99.9,-1,25,0,1
-0.247979,0.0421194,9.37326,-25,0,49,25,0,30
0.0039478,0.166847,-7.54143,-25,0,25,25,0,19
0.00288213,-0.00213359,-5.90639,-99.9,-99.9,-1,-99.9,-99.9,-1
0.0887137,0.231066,-4.16754,-25,0,40,25,0,37
-0.000440657,-0.000876939,-0.173397,-99.9,-99.9,-1,-99.9,-99.9,-1
-0.520551,1.58221,4.49554,-25,0,1,-99.9,-99.9,-1
-0.000259863,-0.000690751,9.43392,-25,0,1,-99.9,-99.9,-1
0.00660595,0.00030287,5.33621,-99.9,-99.9,-1,-99.9,-99.9,-1
0.00154309,0.000402825,-0.635705,-99.9,-99.9,-1,-99.9,-99.9,-1
-0.244767,0.0546681,3.53047,-25,0,45,25,0,42
-0.216441,0.175618,-1.55132,-25,0,31,25,0,29
-0.22529,-3.49992,4.19005,-25,0,9,25,0,6
0.00719868,-7.96656e-05,6.03142,-99.9,-99.9,-1,25,0,2
-0.00315251,-0.00078044,-9.08396,-99.9,-99.9,-1,-99.9,-99.9,-1
0.00679633,-2.8768,-2.03755,-25,0,37,25,0,27
1.01311,0.889839,0.88403,-25,0,22,25,0,24
-0.0161477,0.182358,3.96234,-25,0,16,25,0,18
0.649127,-1.4978,-8.57328,-25,0,1,25,0,1
-0.000567303,3.18694e-06,-9.34366,-99.9,-99.9,-1,25,0,2
-0.085661,0.14244,8.43069,-25,0,15,25,0,17
-0.0983581,-0.0334482,-7.08349,-25,0,8,25,0,10
-0.171761,0.0302836,-7.91168,-25,0,57,25,0,41
0.00366115,0.0029194,5.74269,-99.9,-99.9,-1,-99.9,-99.9,-1
0,0,-6.22777,-99.9,-99.9,-1,-99.9,-99.9,-1
0.194306,0.187377,-4.13491,-25,0,46,25,0,43
-0.00187455,0.000393753,8.2848,-99.9,-99.9,-1,-99.9,-99.9,-1
0.136296,0.0661622,0.875767,-25,0,38,25,0,52
-0.158224,-0.210715,-8.52998,-25,0,11,25,0,7
0,0,-6.44134,-99.9,-99.9,-1,-99.9,-99.9,-1
0.000316012,2.71474e-05,-1.74512,-99.9,-99.9,-1,25,0,1
-0.00202507,0.000912498,-2.6772,-99.9,-99.9,-1,-99.9,-99.9,-1
-0.703813,0.544825,-2.93553,-25,0,9,25,0,10
-0.41221,-0.307608,6.77571,-25,0,35,25,0,32
-0.225729,0.0947502,3.57704,-25,0,35,25,0,33
0.188374,-0.0744874,6.56123,-25,0,23,25,0,21
-0.171114,0.191307,5.55007,-25,0,41,25,0,38
0.00077013,-0.000266995,3.10785,-99.9,-99.9,-1,-99.9,-99.9,-1
-9.82634e-05,-0.000907781,4.73276,-25,0,1,-99.9,-99.9,-1
0.000206252,-0.000956378,6.89167,-25,0,1,-99.9,-99.9,-1
0.000738852,0.000563461,-8.85177,-99.9,-99.9,-1,-99.9,-99.9,-1
0.00250381,0.000243564,-6.91936,-99.9,-99.9,-1,-99.9,-99.9,-1
-0.000319628,0.000220661,-2.58332,-99.9,-99.9,-1,-99.9,-99.9,-1
1.94296,0.898467,0.706162,-25,0,53,25,0,48
0.139856,0.470064,3.04579,-25,0,2,-99.9,-99.9,-1
0.000412084,-0.000464871,9.712,-99.9,-99.9,-1,25,0,2
0.13729,-0.195583,4.49044,-25,0,21,25,0,33
-0.230105,-0.12154,-8.17728,-25,0,40,25,0,31
50.7271,14.5054,7.91119,-25,0,5,25,0,11
0.000596278,0.000473268,-2.06934,-99.9,-99.9,-1,25,0,1
0.000334,0.000496634,0.772092,-99.9,-99.9,-1,-99.9,-99.9,-1
0.149093,-0.0995121,6.70767,-25,0,16,25,0,23
0.0717975,0.00688529,9.94277,-25,0,7,25,0,13
0.554743,0.966866,2.50066,-25,0,38,25,0,40
0.052599,0.000445148,-1.15179,-25,0,5,25,0,4
-0.0998275,-0.0956088,-7.16081,-25,0,11,25,0,14
0.0152861,-0.0206792,3.35073,-25,0,46,25,0,53
-0.0696159,-0.234235,-1.45254,-25,0,30,25,0,26
-0.00102857,0.00120197,-2.91166,-99.9,-99.9,-1,-99.9,-99.9,-1
0.0344206,-0.196593,9.08135,-25,0,12,25,0,23
0.0302152,-0.0270428,5.14099,-25,0,37,25,0,39
0.262213,0.0146393,-6.73426,-25,0,29,25,0,43
-0.230408,-0.120134,7.51798,-25,0,30,25,0,35
3.82587,4.0471,5.23278,-99.9,-99.9,-1,-99.9,-99.9,-1
5.26766e-06,-0.00245194,-4.38779,-99.9,-99.9,-1,-99.9,-99.9,-1
0.224821,0.0882655,-1.22535,-25,0,22,25,0,19
-0.000311313,-0.00136371,4.24577,-99.9,-99.9,-1,-99.9,-99.9,-1
7.88542,-2.37299,8.05469,-25,0,8,25,0,20
2.00768,-2.79177,3.1382,-25,0,17,25,0,11
-0.00120128,0.00104862,7.59449,-99.9,-99.9,-1,25,0,1
0.210578,0.183647,0.000195522,-25,0,31,25,0,43
0.000188275,-0.000691905,-8.87434,-99.9,-99.9,-1,-99.9,-99.9,-1
-0.00087231,-0.000211822,-6.36467,-25,0,2,-99.9,-99.9,-1
0.0037868,0.00106307,0.957887,-99.9,-99.9,-1,25,0,2
-10.2681,8.13337,-3.34144,-25,0,7,25,0,14
-0.00288868,5.94529e-06,-9.06879,-99.9,-99.9,-1,25,0,1
0.0006843,0.000717993,0.87246,-99.9,-99.9,-1,-99.9,-99.9,-1
2.58409,0.340118,3.30003,-25,0,46,25,0,30
-17.6568,-4.72146,-1.54869,-25,0,12,25,0,11
-1.04702,-0.454855,8.83296,-25,0,7,25,0,5
4.26881,-1.13128,-1.49266,-25,0,22,25,0,19
0.0470272,0.0123715,7.95978,-25,0,8,25,0,6
0.00163622,-0.00159475,-4.47727,-99.9,-99.9,-1,-99.9,-99.9,-1
-0.0666394,-0.172022,8.21433,-25,0,26,25,0,22
0.124468,-0.0185917,-3.93788,-25,0,9,25,0,10
0,0,-6.41267,-99.9,-99.9,-1,-99.9,-99.9,-1
4.52191,3.31612,-3.07856,-99.9,-99.9,-1,-99.9,-99.9,-1
-0.00246895,-0.0021303,2.98881,-25,0,1,-99.9,-99.9,-1
-0.339441,0.047597,-7.02196,-99.9,-99.9,-1,25,0,1
0,0,-6.59276,-99.9,-99.9,-1,-99.9,-99.9,-1
0.00159738,0.000472206,6.30948,-99.9,-99.9,-1,-99.9,-99.9,-1
-0.00018201,-0.000282971,-5.45912,-99.9,-99.9,-1,-99.9,-99.9,-1
0.00322771,0.0224511,0.508729,-99.9,-99.9,-1,-99.9,-99.9,-1
0.00710811,-0.00204121,-5.72458,-99.9,-99.9,-1,-99.9,-99.9,-1
2.83033e-05,0.000899267,-1.83373,-99.9,-99.9,-1,-99.9,-99.9,-1
0.000435079,-0.000356349,7.52842,-25,0,1,-99.9,-99.9,-1
0,0,-4.58706,-99.9,-99.9,-1,-99.9,-99.9,-1
0.000825762,-0.000652145,1.75172,-25,0,1,-99.9,-99.9,-1
0.113969,0.254311,-6.12539,-25,0,40,25,0,27
-0.000596221,0.000768158,-9.87972,-99.9,-99.9,-1,-99.9,-99.9,-1
0.000990956,0.00175162,6.57058,-99.9,-99.9,-1,-99.9,-99.9,-1
-0.00299654,0.00036249,2.06648,-99.9,-99.9,-1,-99.9,-99.9,-1
-0.332301,-5.3522,-2.13042,-25,0,17,25,0,18
-0.135247,0.17939,3.76787,-25,0,18,25,0,29
0.0708192,-0.0656061,0.135409,-25,0,40,25,0,43
0.000476726,9.58449e-05,3.07517,-99.9,-99.9,-1,25,0,1
0.0384541,-0.110469,-2.52072,-25,0,17,25,0,10
-0.0875721,0.201369,0.230885,-25,0,53,25,0,37
0.104777,-0.0785728,1.26875,-25,0,12,25,0,12
-0.00368452,0.00797638,3.05634,-25,0,1,25,0,2
0.25857,0.0331493,2.45155,-25,0,38,25,0,20
-0.000558097,2.57848e-05,-3.46199,-99.9,-99.9,-1,-99.9,-99.9,-1
0.0696863,0.214133,-5.29719,-25,0,5,25,0,3
-0.0123481,0.0288427,8.64299,-25,0,53,25,0,51
-0.0580366,0.0860573,-7.50152,-25,0,40,25,0,48
-4.17678,1.64775,5.99067,-25,0,1,25,0,2
-0.0728816,0.263853,3.88829,-25,0,36,25,0,48
0.000692192,-0.00169464,-7.72162,-99.9,-99.9,-1,-99.9,-99.9,-1
-0.161779,10.8656,-4.74868,-25,0,35,25,0,46
0.00200285,-0.000456628,-1.24919,-99.9,-99.9,-1,-99.9,-99.9,-1
0.00424934,0.00115681,7.86371,-25,0,1,-99.9,-99.9,-1
0.00774129,0.0004996,-5.09521,-99.9,-99.9,-1,-99.9,-99.9,-1
-0.570435,0.487219,-7.77246,-99.9,-99.9,-1,25,0,1
0.0434508,-0.219415,-8.07089,-25,0,33,25,0,22
0.00303084,1.2628e-06,-0.681349,-99.9,-99.9,-1,-99.9,-99.9,-1
0.0109588,0.0308331,4.05308,-25,0,1,25,0,5
0,0,-7.58201,-99.9,-99.9,-1,-99.9,-99.9,-1
0.000760176,-0.000907113,-3.27944,-25,0,3,-99.9,-99.9,-1
0.00164589,0.000507815,1.17761,-99.9,-99.9,-1,-99.9,-99.9,-1
-0.00671378,-0.00121216,9.44081,-99.9,-99.9,-1,-99.9,-99.9,-1
4.4459,-8.68503,-5.43705,-25,0,10,25,0,12
0.229552,0.117223,-5.10146,-25,0,44,25,0,51
0.14427,0.0247824,5.82508,-25,0,14,25,0,10
-0.168025,-0.0293619,-3.52175,-25,0,46,25,0,51
0.000137327,-0.000441661,-8.3877,-99.9,-99.9,-1,-99.9,-99.9,-1
-0.00107058,0.000284904,4.58104,-99.9,-99.9,-1,-99.9,-99.9,-1
0.228919,-0.449175,1.04854,-99.9,-99.9,-1,25,0,1
2.21144,2.68005,1.06911,-25,0,1,-99.9,-99.9,-1
-0.0013872,0.00149221,7.92954,-99.9,-99.9,-1,-99.9,-99.9,-1
-0.189809,-5.61347,0.759741,-25,0,1,-99.9,-99.9,-1
1.15165,1.32973,-5.71465,-25,0,28,25,0,28
-4.77118,-3.18267,-3.39173,-99.9,-99.9,-1,-99.9,-99.9,-1
0.00123525,0.000808401,-2.60891,-99.9,-99.9,-1,-99.9,-99.9,-1
-3.18147,-2.24914,-1.98475,-25,0,41,25,0,49
-0.00143237,-0.000900446,-5.62568,-25,0,1,-99.9,-99.9,-1
0.000869766,0.000978146,1.5321,-99.9,-99.9,-1,-99.9,-99.9,-1
0.383959,0.253979,2.19497,-25,0,1,25,0,1
0.00129287,-0.000746616,3.62232,-25,0,1,25,0,1
0.165116,-0.0516575,8.97586,-25,0,19,25,0,14
0.866847,1.39499,-0.63787,-25,0,4,25,0,3
3.06386,0.138287,-1.99742,-25,0,2,25,0,6
0.00231338,0.000486379,1.94888,-99.9,-99.9,-1,-99.9,-99.9,-1
-0.00115086,0.000758427,2.60665,-99.9,-99.9,-1,-99.9,-99.9,-1
-0.0050875,-0.000277843,9.86774,-99.9,-99.9,-1,-99.9,-99.9,-1
0.235482,-0.0640842,8.08325,-25,0,29,25,0,22
-0.132006,-0.167944,-9.41956,-99.9,-99.9,-1,-99.9,-99.9,-1
0.0494599,0.249381,4.39231,-25,0,35,25,0,38
0,0,-3.91074,-99.9,-99.9,-1,-99.9,-99.9,-1
0.0510619,-0.215098,-1.11146,-25,0,38,25,0,25
0.000124055,-0.000795306,-7.39605,-99.9,-99.9,-1,-99.9,-99.9,-1
-0.00188003,-0.000485615,1.22575,-99.9,-99.9,-1,-99.9,-99.9,-1
0.00162729,0.000985143,8.50589,-99.9,-99.9,-1,-99.9,-99.9,-1
-1.45638e-05,-0.0010142,-5.6103,-99.9,-99.9,-1,25,0,2
-0.569114,0.073536,8.93351,-99.9,-99.9,-1,-99.9,-99.9,-1
-0.0015284,-0.000847353,6.29971,-99.9,-99.9,-1,-99.9,-99.9,-1
7.4018e-05,-0.000202316,1.62081,-25,0,2,25,0,1
-0.0189065,0.222578,3.69642,-25,0,14,25,0,26
0.0687811,0.236996,-6.22043,-25,0,33,25,0,42
-0.14753,0.190145,-5.17639,-25,0,25,25,0,22
0.0561417,0.066368,2.57084,-25,0,12,25,0,9
-0.00189654,-0.000540819,5.46341,-25,0,1,25,0,1
0.000753036,0.00118704,2.43786,-99.9,-99.9,-1,-99.9,-99.9,-1
-0.00151467,1.19835e-07,-8.17031,-99.9,-99.9,-1,-99.9,-99.9,-1
0.00044777,-0.000206167,8.36896,-99.9,-99.9,-1,-99.9,-99.9,-1
0.125718,-0.225299,5.4241,-25,0,38,25,0,34
0.511898,-0.743933,-6.56726,-25,0,45,25,0,53
-0.000331026,-0.000646671,2.645,-99.9,-99.9,-1,25,0,1
-0.000866614,4.40383e-05,-4.77897,-99.9,-99.9,-1,-99.9,-99.9,-1
0,0,-6.31615,-99.9,-99.9,-1,-99.9,-99.9,-1
-1.69672,2.36534,3.07935,-25,0,41,25,0,32
10.6581,1.9623,-2.66964,-25,0,2,25,0,1
-0.00086749,-0.000372867,-2.80907,-25,0,1,25,0,1
0.0201713,-0.0305534,4.07074,-25,0,59,25,0,49
0.282903,-0.746615,3.75788,-25,0,37,25,0,35
2.76486,-1.54167,-6.97404,-25,0,38,25,0,35
-0.001753,0.000426048,6.22108,-99.9,-99.9,-1,-99.9,-99.9,-1
-2.27751,4.93904,-7.27688,-99.9,-99.9,-1,-99.9,-99.9,-1
0.0672171,-0.0487332,1.44408,-25,0,8,25,0,8
33.7678,-8.32735,0.991524,-99.9,-99.9,-1,25,0,3
-0.203917,-0.0503996,3.7344,-25,0,43,25,0,44
-0.149102,0.117086,9.19527,-25,0,15,25,0,20
1.62362,1.2046,-1.47013,-25,0,5,25,0,8
-0.00249127,3.44285e-05,-3.36101,-25,0,1,-99.9,-99.9,-1
-0.0765415,-0.261846,8.05006,-25,0,24,25,0,34
-0.00368632,-0.000725187,7.32622,-25,0,1,-99.9,-99.9,-1
0.386308,-0.627701,0.893199,-99.9,-99.9,-1,-99.9,-99.9,-1
-0.0121137,0.0395624,-4.06601,-25,0,40,25,0,52
-5.09617,-5.66194,-0.0425002,-25,0,28,25,0,39
-0.00391802,0.00175882,-1.94302,-99.9,-99.9,-1,25,0,1
0.00138828,-0.000364298,-9.84033,-99.9,-99.9,-1,25,0,1
0.000824858,-0.000171381,6.04422,-25,0,1,-99.9,-99.9,-1
-0.000239182,-0.000129344,0.928152,-99.9,-99.9,-1,-99.9,-99.9,-1
0.988363,4.68658,3.99602,-25,0,5,25,0,3
-3.08366,-2.38521,2.24328,-25,0,2,-99.9,-99.9,-1
-0.00942387,-0.0725097,-0.142091,-25,0,57,25,0,61
0.059798,0.0778584,7.66,-25,0,6,25,0,10
-8.97141,6.04623,-4.10756,-25,0,6,25,0,2
-0.00119639,0.000691812,8.78222,-99.9,-99.9,-1,-99.9,-99.9,-1
0,0,-9.66616,-99.9,-99.9,-1,-99.9,-99.9,-1
0.0051701,0.00107862,-5.82973,-25,0,1,-99.9,-99.9,-1
0.00013727,-0.000540011,-3.68263,-99.9,-99.9,-1,-99.9,-99.9,-1
-0.000374793,0.000560106,-5.71444,-99.9,-99.9,-1,-99.9,-99.9,-1
0.000163676,0.000425639,7.81465,-25,0,1,-99.9,-99.9,-1
-0.0136711,-0.264278,-5.37355,-25,0,42,25,0,40
0.000693055,0.000740483,3.50754,-99.9,-99.9,-1,-99.9,-99.9,-1
-5.1679,-0.502951,-3.51057,-25,0,9,25,0,12
0.003787,0.00149501,-0.276093,-99.9,-99.9,-1,-99.9,-99.9,-1
-0.0668155,-0.0970208,5.13039,-25,0,15,25,0,7
0.128631,-0.147216,1.34112,-25,0,19,25,0,18
-0.000459945,3.09461e-05,-3.07524,-99.9,-99.9,-1,-99.9,-99.9,-1
0.000904507,7.96022e-05,1.19522,-99.9,-99.9,-1,25,0,1
-1.28414,-0.0891416,5.42445,-25,0,18,25,0,21
0.00080249,0.00020693,0.643267,-99.9,-99.9,-1,-99.9,-99.9,-1
0.13618,-0.0162938,-2.09029,-25,0,44,25,0,35
0.00226597,0.000799552,-3.3208,-99.9,-99.9,-1,-99.9,-99.9,-1
0.189837,-0.0289317,-0.849035,-25,0,18,25,0,16
-8.59346,5.72723,-2.73918,-99.9,-99.9,-1,-99.9,-99.9,-1
-4.52295,2.17097,3.21807,-25,0,41,25,0,30
-0.00139441,0.000801003,-2.77807,-99.9,-99.9,-1,-99.9,-99.9,-1
0.11668,0.0951335,7.07994,-25,0,43,25,0,50
-0.0371606,0.17224,-2.41712,-25,0,56,25,0,43
-0.00332834,0.000944216,3.46784,-99.9,-99.9,-1,-99.9,-99.9,-1
-0.000129288,0.000548815,9.28344,-99.9,-99.9,-1,-99.9,-99.9,-1
0.00279213,0.00126387,-2.78671,-99.9,-99.9,-1,-99.9,-99.9,-1
0.00144543,-0.000160964,1.29329,-99.9,-99.9,-1,-99.9,-99.9,-1
-0.0801391,0.0393418,-2.04741,-25,0,15,25,0,8
0,0,-8.72783,-99.9,-99.9,-1,-99.9,-99.9,-1
-0.00181291,-0.000842636,-9.64699,-99.9,-99.9,-1,25,0,1
0.0699992,-0.102333,4.99153,-25,0,14,25,0,13
0.758324,0.47875,-3.68174,-25,0,4,25,0,8
1.61946,-2.08527,-4.38916,-25,0,31,25,0,29
-5.96941,-3.08275,-7.37803,-99.9,-99.9,-1,25,0,1
0.20214,-0.171678,-2.59406,-25,0,29,25,0,36
-15.219,11.6322,-3.81974,-25,0,24,25,0,15
-0.000269146,-0.000544874,-2.62663,-99.9,-99.9,-1,-99.9,-99.9,-1
-0.296103,0.449047,-8.18541,-25,0,50,25,0,39
0.00469125,-0.00301507,-8.73981,-25,0,1,-99.9,-99.9,-1
-0.000413553,0.047894,-0.199181,-25,0,3,25,0,4
0.772646,-2.05877,4.56108,-25,0,4,-99.9,-99.9,-1
-0.000606137,0.00077041,0.210048,-25,0,2,25,0,1
-0.260134,0.0178015,2.56261,-25,0,36,25,0,36
-0.808926,-1.0729,-5.49804,-25,0,4,25,0,5
0.0164731,0.186046,4.33471,-25,0,16,25,0,12
0,0,-7.71742,-99.9,-99.9,-1,-99.9,-99.9,-1
0.00140369,0.000678554,-8.53129,-99.9,-99.9,-1,-99.9,-99.9,-1
0.18317,-0.122048,-4.67076,-25,0,49,25,0,43
-0.2201,-0.109901,1.97719,-25,0,40,25,0,49
0.000637963,0.000157577,-8.71246,-99.9,-99.9,-1,-99.9,-99.9,-1
-0.102856,0.0112953,-0.044977,-25,0,17,25,0,31
-0.0142267,-0.0352818,2.13914,-25,0,5,25,0,7
-4.02524,1.91579,0.0812509,-99.9,-99.9,-1,-99.9,-99.9,-1
-0.115263,0.102754,-4.88338,-25,0,10,25,0,16
1.1668,-2.83198,1.89554,-99.9,-99.9,-1,-99.9,-99.9,-1
0,0,-2.2113,-99.9,-99.9,-1,-99.9,-99.9,-1
-0.101228,-0.0984299,8.98563,-25,0,16,25,0,13
0.182988,-0.0139624,-1.02563,-25,0,2,25,0,2
-0.00133857,-0.000293214,-8.45687,-99.9,-99.9,-1,-99.9,-99.9,-1
0.00982535,0.00326131,9.93294,-25,0,1,25,0,3
0.0075017,-0.000379315,6.70433,-25,0,1,-99.9,-99.9,-1
-1.1429,0.154134,0.207199,-25,0,14,25,0,20
1.37464,-6.09583,5.27267,-25,0,2,25,0,3
-0.00114228,2.29276e-05,7.0249,-99.9,-99.9,-1,-99.9,-99.9,-1
0.208365,-0.040483,-5.17555,-25,0,44,25,0,51
-0.0806313,0.0221262,-6.40438,-25,0,45,25,0,41
-0.00102659,0.00127252,-1.01723,-99.9,-99.9,-1,25,0,1
-0.00580507,-0.00493834,7.1446,-99.9,-99.9,-1,25,0,2
-0.210573,0.135635,-3.29587,-25,0,35,25,0,26
-0.000745247,1.87214e-05,-0.250679,-99.9,-99.9,-1,-99.9,-99.9,-1
0.118835,-0.0951389,-3.81698,-25,0,15,25,0,21
-0.000318594,-1.28177e-05,5.83755,-99.9,-99.9,-1,-99.9,-99.9,-1
0.00453596,0.00313162,-4.38005,-99.9,-99.9,-1,-99.9,-99.9,-1
0.00264108,0.000144036,0.818007,-99.9,-99.9,-1,-99.9,-99.9,-1
0.00126205,-0.000185305,-8.12083,-99.9,-99.9,-1,-99.9,-99.9,-1
-0.0214615,-0.0621568,-7.52831,-25,0,2,25,0,7
0.396772,0.480732,-7.00621,-25,0,1,25,0,1
-0.00485536,-0.0378514,0.290062,-99.9,-99.9,-1,25,0,5
-0.0539777,0.159881,-0.432698,-25,0,43,25,0,50
0.153753,0.090168,3.16725,-25,0,14,25,0,20
0.00486545,-3.36725e-05,-1.41735,-99.9,-99.9,-1,-99.9,-99.9,-1
25.8479,2.38429,-3.19351,-25,0,3,25,0,9
0.000852682,-0.00103246,2.4603,-25,0,1,-99.9,-99.9,-1
-0.00147852,0.00104395,-8.75855,-99.9,-99.9,-1,-99.9,-99.9,-1
-0.00396151,0.000801916,8.05096,-99.9,-99.9,-1,-99.9,-99.9,-1
-0.00389681,3.92487e-05,2.40774,-99.9,-99.9,-1,-99.9,-99.9,-1
-0.00346977,3.45396e-05,5.92981,-99.9,-99.9,-1,-99.9,-99.9,-1
-0.00173443,-0.000688236,9.20843,-99.9,-99.9,-1,-99.9,-99.9,-1
-2.40388,1.41841,3.35576,-25,0,39,25,0,30
0.170707,0.168791,4.61064,-25,0,43,25,0,32
0.010041,0.00266892,8.49858,-25,0,1,25,0,2
-6.5978e-05,0.000408307,1.0872,-99.9,-99.9,-1,25,0,1
0.00803564,-0.000221409,-4.43775,-99.9,-99.9,-1,-99.9,-99.9,-1
0.000899217,-0.000379201,3.59507,-99.9,-99.9,-1,25,0,1
-0.0308171,-0.014008,6.1931,-25,0,4,25,0,4
-0.00239087,0.000988728,-7.31021,-25,0,1,-99.9,-99.9,-1
2.70949,-0.618038,7.62687,-25,0,3,25,0,5
-0.000666333,0.000411651,9.69872,-99.9,-99.9,-1,-99.9,-99.9,-1
-0.000240446,-0.000708282,8.85546,-99.9,-99.9,-1,-99.9,-99.9,-1
11.2298,10.3528,2.5129,-25,0,4,25,0,8
8.08493,-5.40384,-1.39236,-99.9,-99.9,-1,25,0,1
0.000441578,-0.000343053,5.29073,-99.9,-99.9,-1,25,0,1
-0.173049,0.744147,-4.25598,-25,0,4,25,0,7
0.000370857,-0.000242479,9.36586,-25,0,2,25,0,1
0.0511787,-0.00231735,-7.98228,-25,0,7,25,0,8
0.000694446,-0.000308154,-4.7646,-99.9,-99.9,-1,-99.9,-99.9,-1
-0.00329999,0.00103151,-2.53095,-99.9,-99.9,-1,-99.9,-99.9,-1
-0.000576485,-0.000338378,-7.36092,-99.9,-99.9,-1,25,0,1
-0.0881263,-0.0819711,-5.62105,-25,0,20,25,0,28
-0.000479278,-8.47321e-05,-9.6503,-99.9,-99.9,-1,-99.9,-99.9,-1
-0.000767865,3.99709e-05,1.14451,-25,0,2,-99.9,-99.9,-1
0.00475038,-7.98473e-05,9.10347,-99.9,-99.9,-1,25,0,1
9.1488,-5.93407,3.6528,-99.9,-99.9,-1,25,0,5
0.213585,0.0208467,3.43085,-25,0,28,25,0,16
-0.500569,0.992015,1.23503,-25,0,1,25,0,3
-0.0565172,0.127941,6.53906,-25,0,26,25,0,37
0.238132,-0.0439614,8.22346,-25,0,32,25,0,22
-0.000156478,0.000192844,-3.51317,-99.9,-99.9,-1,-99.9,-99.9,-1
0.218246,-0.0728752,-3.96737,-25,0,21,25,0,26
0.0765136,-0.0962706,2.06365,-25,0,13,25,0,10
-0.106434,-0.109606,1.97354,-25,0,13,25,0,13
-0.15429,0.174523,4.21548,-25,0,46,25,0,49
-0.00238464,0.000198884,-5.77167,-99.9,-99.9,-1,25,0,1
0.124411,0.0901004,-1.71259,-25,0,58,25,0,36
0.21885,0.106,-2.5402,-25,0,29,25,0,32
-0.00389687,0.000249847,-9.84816,-99.9,-99.9,-1,-99.9,-99.9,-1
0.00867408,-0.262199,-7.08212,-25,0,41,25,0,36
-0.000453372,-0.000337305,9.30522,-99.9,-99.9,-1,-99.9,-99.9,-1
0.0134292,0.0139032,-0.977723,-25,0,4,25,0,2
-0.00196972,-0.00105043,4.07028,-99.9,-99.9,-1,-99.9,-99.9,-1
0.127546,-0.137254,5.60951,-25,0,24,25,0,20
0,0,-7.49246,-99.9,-99.9,-1,-99.9,-99.9,-1
-0.000600144,-0.00093114,3.08526,-99.9,-99.9,-1,25,0,1
-0.000259549,-0.000583711,-3.4955,-99.9,-99.9,-1,-99.9,-99.9,-1
0.00170073,-0.000484797,6.3333,-99.9,-99.9,-1,-99.9,-99.9,-1
-0.00033999,-0.000181888,-3.51826,-99.9,-99.9,-1,-99.9,-99.9,-1
0.429068,0.117874,-6.55658,-25,0,28,25,0,30
-0.0977986,0.645382,-0.528149,-25,0,25,25,0,31
-0.00083959,-0.000555189,1.63701,-99.9,-99.9,-1,25,0,1
2.3201,1.10249,-3.53392,-25,0,2,-99.9,-99.9,-1
-0.00315041,-0.00164463,7.8945,-99.9,-99.9,-1,-99.9,-99.9,-1
-0.00180231,-0.000376774,-0.25229,-25,0,1,-99.9,-99.9,-1
3.14822,0.0981173,1.0939,-25,0,16,25,0,29
-0.937498,-0.730758,2.24192,-25,0,2,25,0,2
0.0501642,0.0228718,-3.1457,-25,0,8,25,0,7
-0.000447546,6.11432e-05,-1.71018,-99.9,-99.9,-1,-99.9,-99.9,-1
-0.0504007,-0.109351,4.19924,-25,0,17,25,0,8
-0.880396,0.999344,9.45373,-25,0,48,25,0,32
0.722136,-0.395258,2.32175,-25,0,26,25,0,39
-0.00128358,0.000701697,5.22516,-25,0,1,-99.9,-99.9,-1
-5.68581,-0.0324228,2.05616,-25,0,3,25,0,2
-0.17483,0.116703,9.09117,-25,0,19,25,0,23
8.06254e-05,-0.0019428,-6.06548,-99.9,-99.9,-1,-99.9,-99.9,-1
0.091195,-0.227244,6.84283,-25,0,15,25,0,25
0.00124231,-6.79641e-05,6.48296,-99.9,-99.9,-1,-99.9,-99.9,-1
0.46062,0.966854,-3.42892,-25,0,1,-99.9,-99.9,-1
0.846437,0.734469,-6.8223,-25,0,18,25,0,22
0.000175006,0.000304544,6.56465,-99.9,-99.9,-1,-99.9,-99.9,-1
-1.18124,1.99738,6.64205,-99.9,-99.9,-1,-99.9,-99.9,-1
0.00216524,0.000652389,7.2914,-99.9,-99.9,-1,-99.9,-99.9,-1
0.956583,0.404319,-7.69115,-25,0,49,25,0,43
-0.00637516,0.00105038,-5.42915,-99.9,-99.9,-1,-99.9,-99.9,-1
0.00030141,-0.0018436,6.38577,-99.9,-99.9,-1,-99.9,-99.9,-1
-0.0111961,-0.00173833,4.44591,-25,0,2,25,0,1
-0.0141894,-0.0641497,-2.10915,-25,0,55,25,0,46
0.175425,-0.0339019,9.1615,-25,0,24,25,0,14
13.6999,4.34726,5.36644,-25,0,3,25,0,5
0.37086,0.995551,8.58158,-99.9,-99.9,-1,-99.9,-99.9,-1
-20.8122,9.43212,3.23006,-25,0,71,25,0,38
0.000666183,0.00108514,7.43679,-99.9,-99.9,-1,-99.9,-99.9,-1
-0.000610434,9.09394e-07,8.41533,-99.9,-99.9,-1,-99.9,-99.9,-1
-6.55689,-0.992594,-2.78731,-25,0,3,25,0,3
0.00168115,-5.06431e-05,-6.93337,-99.9,-99.9,-1,-99.9,-99.9,-1
11.694,-2.49957,4.30226,-25,0,8,25,0,10
18.8404,6.54491,-0.357435,-25,0,25,25,0,62
0.00433779,-0.000358636,1.42493,-99.9,-99.9,-1,-99.9,-99.9,-1
0.0028659,-0.00028668,-5.72232,-99.9,-99.9,-1,25,0,1
0.0553374,-0.243118,6.7006,-25,0,28,25,0,31
-0.194436,-1.63293,4.62454,-25,0,1,25,0,1
0.14208,-0.0603904,-6.49609,-25,0,20,25,0,13
-0.118456,-0.140684,2.08677,-25,0,16,25,0,21
1.8349,-8.98819,-5.3971,-25,0,15,25,0,12
-0.197512,0.0774546,5.44312,-25,0,48,25,0,53
0.00257907,-0.000527076,9.1751,-99.9,-99.9,-1,-99.9,-99.9,-1
-0.198427,0.0371787,-4.68821,-25,0,1,-99.9,-99.9,-1
0.00308599,-0.000258185,-8.67877,-99.9,-99.9,-1,25,0,1
-0.00106563,0.000238097,-4.4978,-99.9,-99.9,-1,-99.9,-99.9,-1
-2.51546,2.28313,-5.94594,-25,0,44,25,0,41
-0.00280413,0.0010387,6.64957,-99.9,-99.9,-1,-99.9,-99.9,-1
0.000886117,-0.000862471,5.1129,-99.9,-99.9,-1,-99.9,-99.9,-1
0.000847196,0.000516909,0.298078,-99.9,-99.9,-1,-99.9,-99.9,-1
0.000778051,-0.00013239,-0.797287,-99.9,-99.9,-1,25,0,1
-7.04721,6.52122,5.11447,-25,0,6,25,0,2
-0.0011276,-0.00111551,7.62982,-99.9,-99.9,-1,-99.9,-99.9,-1
0.000558613,-0.151394,-1.73698,-25,0,15,25,0,8
0.069786,0.184384,4.52371,-25,0,19,25,0,29
1.53937,2.81279,7.54982,-99.9,-99.9,-1,-99.9,-99.9,-1
-0.00546893,0.000269356,-9.84069,-99.9,-99.9,-1,-99.9,-99.9,-1
0.0016906,-0.000806849,-8.85627,-99.9,-99.9,-1,-99.9,-99.9,-1
0.000815254,-0.00145416,-2.06717,-99.9,-99.9,-1,-99.9,-99.9,-1
0.0969712,0.159742,7.06239,-25,0,13,25,0,17
-0.000595596,-0.000299761,8.65084,-99.9,-99.9,-1,-99.9,-99.9,-1
-0.0634719,0.254845,-4.9404,-25,0,27,25,0,22
-0.000232474,0.000684542,6.49287,-25,0,1,-99.9,-99.9,-1
0.00701242,0.0117359,8.25882,-25,0,2,25,0,3
4.07325,-3.93789,0.613475,-25,0,17,25,0,36
-0.034983,-0.0581337,-9.02682,-25,0,26,25,0,39
0.000591379,0.000590739,-3.17508,-99.9,-99.9,-1,-99.9,-99.9,-1
-0.00171631,0.000293286,6.04396,-99.9,-99.9,-1,-99.9,-99.9,-1
0.178646,0.114658,7.27953,-25,0,25,25,0,24
0,0,-0.288299,-99.9,-99.9,-1,-99.9,-99.9,-1
-4.54048,-2.41306,-5.12771,-25,0,1,25,0,1
0.0895942,-0.081629,4.43077,-25,0,16,25,0,15
-0.252551,0.0943766,8.50659,-25,0,34,25,0,31
0.000751528,0.000306246,-9.2197,-99.9,-99.9,-1,-99.9,-99.9,-1
0,0,-7.07371,-99.9,-99.9,-1,-99.9,-99.9,-1
-0.377526,-0.224439,-7.42326,-99.9,-99.9,-1,-99.9,-99.9,-1
-0.000532496,0.00079968,-2.60021,-99.9,-99.9,-1,-99.9,-99.9,-1
-6.33068,-6.96452,5.86905,-99.9,-99.9,-1,-99.9,-99.9,-1
0,0,-2.96081,-99.9,-99.9,-1,-99.9,-99.9,-1
-0.0757418,0.0864202,-0.0125226,-25,0,8,25,0,10
0.0114633,-0.0020448,7.44477,-99.9,-99.9,-1,-99.9,-99.9,-1
-0.110429,0.199753,-4.30358,-25,0,52,25,0,38
-0.00101833,0.000338054,5.34251,-99.9,-99.9,-1,-99.9,-99.9,-1
-0.0216779,-0.0896134,-6.05371,-25,0,49,25,0,49
-0.0390577,0.175601,-4.98933,-25,0,47,25,0,46
-0.000833188,2.1839e-05,-2.25913,-99.9,-99.9,-1,-99.9,-99.9,-1
-0.000568553,-0.000565573,-9.0959,-99.9,-99.9,-1,25,0,1
1.01329,-6.02901,-2.21506,-99.9,-99.9,-1,-99.9,-99.9,-1
0.0229695,0.101315,6.58996,-25,0,15,25,0,12
-0.0001442,-0.000686961,-0.585206,-99.9,-99.9,-1,-99.9,-99.9,-1
-0.599422,2.54408,4.35585,-25,0,9,25,0,6
0.00379728,0.00115831,-6.45817,-99.9,-99.9,-1,25,0,2
-0.000709665,5.67362e-05,2.20648,-25,0,1,-99.9,-99.9,-1
-1.81526,-0.0930797,6.19448,-99.9,-99.9,-1,-99.9,-99.9,-1
1.25976,4.72528,4.46888,-25,0,4,25,0,8
-0.0270729,0.00643413,1.26059,-25,0,4,25,0,5
-0.0157345,-0.050851,4.64197,-25,0,43,25,0,48
-0.0155125,-0.0250198,-1.70508,-25,0,6,25,0,11
0.00059798,-0.000148612,-5.27999,-99.9,-99.9,-1,-99.9,-99.9,-1
-0.569723,-0.169669,-6.71314,-99.9,-99.9,-1,25,0,2
-0.00206593,-0.000589101,-5.285,-99.9,-99.9,-1,-99.9,-99.9,-1
-0.656471,3.35394,6.79611,-25,0,3,25,0,3
0.00084704,-0.000185958,2.68955,-99.9,-99.9,-1,-99.9,-99.9,-1
0.000758752,-0.000359286,7.78875,-99.9,-99.9,-1,-99.9,-99.9,-1
17.5343,-1.57405,-4.07355,-25,0,8,25,0,48
-0.00595979,-0.00126449,4.82977,-99.9,-99.9,-1,25,0,1
0,0,-1.81397,-99.9,-99.9,-1,-99.9,-99.9,-1
0.133221,-0.122798,-0.675563,-25,0,40,25,0,60
0.00245449,-5.12872e-05,-1.51942,-25,0,1,-99.9,-99.9,-1
0.00116681,0.00128746,0.674656,-99.9,-99.9,-1,-99.9,-99.9,-1
0.163053,-0.196338,-6.54919,-25,0,45,25,0,37
-0.470617,-0.154725,-5.8633,-25,0,37,25,0,40
-0.133203,0.122139,9.74226,-25,0,16,25,0,19
-0.000917449,-0.000560573,-3.09696,-25,0,1,-99.9,-99.9,-1
0.00213958,0.00164062,0.11585,-99.9,-99.9,-1,-99.9,-99.9,-1
-0.187161,0.0934074,6.59346,-25,0,25,25,0,21
-0.00135247,-0.000437212,4.95871,-99.9,-99.9,-1,25,0,1
0.061546,-0.172881,-1.25399,-25,0,19,25,0,16
-0.41339,-0.493709,-7.34854,-25,0,20,25,0,27
-0.00164922,-0.00125797,-9.42622,-99.9,-99.9,-1,-99.9,-99.9,-1
-0.00562303,-0.000306157,-5.66828,-99.9,-99.9,-1,-99.9,-99.9,-1
-0.00054758,-0.000986271,-6.65009,-99.9,-99.9,-1,-99.9,-99.9,-1
-0.0485386,-0.0058003,1.36078,-25,0,3,25,0,5
-0.00035541,-0.000135633,6.76763,-99.9,-99.9,-1,-99.9,-99.9,-1
0.0806288,0.203084,-4.93587,-25,0,25,25,0,23
-0.00145733,3.92083e-06,-8.73753,-99.9,-99.9,-1,-99.9,-99.9,-1
0.00226003,-0.000134235,-5.7135,-99.9,-99.9,-1,-99.9,-99.9,-1
0,0,-6.98621,-99.9,-99.9,-1,-99.9,-99.9,-1
-0.051092,-0.266063,-0.878329,-25,0,30,25,0,24
-0.190724,0.161204,-5.93897,-25,0,15,25,0,13
0.00234931,8.19386e-05,7.98149,-99.9,-99.9,-1,-99.9,-99.9,-1
0.0249805,-0.00932715,-3.20373,-25,0,3,25,0,1
-0.281281,-0.569119,-8.58957,-99.9,-99.9,-1,25,0,1
-0.110519,0.0234084,-4.87304,-25,0,20,25,0,14
-0.00288532,-0.000328742,-4.17799,-99.9,-99.9,-1,-99.9,-99.9,-1
-0.00394611,0.000275939,0.338886,-99.9,-99.9,-1,25,0,1
-0.0888827,-0.134354,7.40838,-25,0,16,25,0,16
0,0,-0.9164,-99.9,-99.9,-1,-99.9,-99.9,-1
-9.09595,7.12444,-4.31255,-25,0,5,25,0,4
0.000466292,0.000246655,-2.77232,-99.9,-99.9,-1,-99.9,-99.9,-1
-0.203006,0.160978,0.541206,-25,0,28,25,0,33
3.25396,-0.631318,-8.40696,-25,0,24,25,0,27
-0.000642533,-2.58449e-05,-4.28786,-25,0,1,-99.9,-99.9,-1
-0.00200753,-0.000507817,-1.55573,-99.9,-99.9,-1,-99.9,-99.9,-1
0.580233,0.570934,7.1161,-99.9,-99.9,-1,-99.9,-99.9,-1
0.0442938,-0.0461479,-3.39154,-25,0,9,25,0,5
-0.0226213,0.0129021,-4.27737,-25,0,45,25,0,49
0.911177,-0.62723,-0.0775753,-99.9,-99.9,-1,-99.9,-99.9,-1
-3.04432,-4.04815,2.59668,-25,0,16,25,0,15
0.115058,-0.232451,-9.37654,-25,0,40,25,0,33
1.44561,-4.19449,-2.33559,-25,0,39,25,0,41
-0.112235,-0.150845,6.3162,-25,0,48,25,0,45
-8.25371,2.47292,1.13377,-25,0,3,25,0,1
0.146015,0.177276,-7.38004,-25,0,35,25,0,43
-0.00431846,-0.000418602,8.13812,-99.9,-99.9,-1,-99.9,-99.9,-1
-0.0703674,0.0921819,-7.16914,-25,0,9,25,0,12
0,0,-8.73865,-99.9,-99.9,-1,-99.9,-99.9,-1
0.029489,0.200922,-4.55343,-25,0,46,25,0,59
0.000290713,-0.00119737,2.47422,-99.9,-99.9,-1,-99.9,-99.9,-1
0.0146745,0.0296774,9.52153,-25,0,3,25,0,5
-0.000605837,-0.000521778,2.51316,-99.9,-99.9,-1,-99.9,-99.9,-1
-0.000220836,0.00019282,8.04036,-99.9,-99.9,-1,-99.9,-99.9,-1
-0.0669155,-0.041205,-1.97955,-25,0,11,25,0,12
0.000234127,-5.57705e-05,9.54618,-99.9,-99.9,-1,-99.9,-99.9,-1
3.9294,-0.103454,7.62045,-25,0,19,25,0,25
-0.0331709,-0.044262,9.85154,-25,0,8,25,0,13
-0.000123037,-0.000339085,-7.22795,-99.9,-99.9,-1,-99.9,-99.9,-1
0,0,-2.83019,-99.9,-99.9,-1,-99.9,-99.9,-1
-0.00589869,0.000942637,-8.48746,-25,0,2,-99.9,-99.9,-1
7.13934,8.08259,-2.43975,-25,0,1,-99.9,-99.9,-1
0.582131,-0.399564,-3.85113,-25,0,1,25,0,1
-0.00100492,-0.0214077,4.17345,-25,0,1,-99.9,-99.9,-1
-0.0239463,-0.0597793,3.41384,-25,0,9,25,0,8
-0.0050448,0.000595851,-2.5881,-99.9,-99.9,-1,-99.9,-99.9,-1
0,0,-0.577289,-99.9,-99.9,-1,-99.9,-99.9,-1
0.21839,1.46769,0.716703,-25,0,49,25,0,38
0,0,-4.21554,-99.9,-99.9,-1,-99.9,-99.9,-1
0.00203386,0.000292405,6.58833,-99.9,-99.9,-1,-99.9,-99.9,-1
0.0613849,0.0143497,1.58972,-25,0,9,25,0,11
-0.00264468,0.000943178,-8.46248,-25,0,2,-99.9,-99.9,-1
-0.00360839,0.28101,7.79159,-25,0,32,25,0,34
0.00120607,0.00101601,-8.40718,-99.9,-99.9,-1,-99.9,-99.9,-1
0.148875,0.175256,-9.62887,-25,0,30,25,0,32
0.000296424,-0.000502381,3.53884,-99.9,-99.9,-1,-99.9,-99.9,-1
-0.0727222,0.703509,3.00581,-25,0,45,25,0,53
0.00937247,-0.000347751,6.22641,-99.9,-99.9,-1,-99.9,-99.9,-1
0.000963289,0.000284028,6.05906,-25,0,2,-99.9,-99.9,-1
0.121355,-2.09916,0.342052,-25,0,9,25,0,5
2.25327,-0.448329,7.40827,-25,0,6,25,0,10
-0.0676806,-0.256944,5.52425,-25,0,39,25,0,21
-0.138461,-0.207039,2.22862,-25,0,31,25,0,43
0.0014401,-0.000524052,4.88639,-99.9,-99.9,-1,-99.9,-99.9,-1
-0.00249647,-0.000544752,-9.38839,-99.9,-99.9,-1,-99.9,-99.9,-1
0.102349,-0.202608,8.06108,-25,0,33,25,0,23
0.0291561,0.00327323,7.36463,-25,0,5,25,0,2
-0.0503115,-0.123837,-0.368013,-25,0,13,25,0,18
-0.14435,0.195673,8.68835,-25,0,25,25,0,32
0.00252101,0.000305214,-1.85704,-99.9,-99.9,-1,-99.9,-99.9,-1
-0.00151085,-0.000984269,8.91189,-25,0,1,-99.9,-99.9,-1
0.322092,-0.673472,4.68469,-25,0,3,-99.9,-99.9,-1
-0.000196842,-0.00010499,-4.09137,-99.9,-99.9,-1,-99.9,-99.9,-1
0.0828333,-0.147837,-2.56861,-25,0,15,25,0,13
-1.02891,0.676038,4.36971,-25,0,24,25,0,22
0,0,-3.60518,-99.9,-99.9,-1,-99.9,-99.9,-1
-0.189826,-0.166516,4.07544,-25,0,29,25,0,31
0.00493988,0.00010242,3.2766,-99.9,-99.9,-1,-99.9,-99.9,-1
-6.94375,4.78699,6.86509,-25,0,5,-99.9,-99.9,-1
0.216003,0.116223,2.2266,-25,0,26,25,0,27
0.136744,0.0614303,-8.05159,-25,0,33,25,0,50
-0.0972253,-0.0267209,-2.6047,-99.9,-99.9,-1,-99.9,-99.9,-1
-0.000417081,-0.000122839,-7.38882,-25,0,1,-99.9,-99.9,-1
0.0123772,0.119668,4.49742,-25,0,45,25,0,43
-0.0625911,-0.0806497,-3.30444,-25,0,50,25,0,29
-0.013498,-0.00837877,4.25905,-99.9,-99.9,-1,-99.9,-99.9,-1
-0.00108685,-0.000389314,2.04467,-99.9,-99.9,-1,-99.9,-99.9,-1
-0.000900804,-0.00042864,7.22537,-99.9,-99.9,-1,-99.9,-99.9,-1
0.000650978,0.00138497,9.0304,-99.9,-99.9,-1,-99.9,-99.9,-1
-0.0036444,0.00158777,-7.78651,-99.9,-99.9,-1,-99.9,-99.9,-1
0.110472,-0.181002,-8.87255,-25,0,28,25,0,26
-0.0025674,-7.81643e-05,-6.35925,-99.9,-99.9,-1,25,0,1
0.161048,0.164987,-0.131252,-25,0,33,25,0,30
0.010866,0.021269,-1.03887,-25,0,4,25,0,5
-0.168156,-0.146524,-2.33455,-25,0,41,25,0,50
0.010658,-0.0289005,-5.83546,-25,0,45,25,0,32
5.79812,3.79933,-2.46817,-25,0,37,25,0,47
-0.00145877,0.00228284,0.129868,-99.9,-99.9,-1,-99.9,-99.9,-1
0.0203119,0.0336739,-8.01955,-25,0,2,25,0,4
-0.0843567,0.0629841,-6.27361,-25,0,6,25,0,11
0.248763,-0.0126041,9.59005,-25,0,38,25,0,46
-0.0666439,-0.188337,-4.55134,-25,0,16,25,0,24
0.00444927,0.0911014,-3.35751,-25,0,9,25,0,12
-0.00022304,-0.000739326,-6.68025,-99.9,-99.9,-1,-99.9,-99.9,-1
-0.0335812,0.0984291,-4.93712,-25,0,6,25,0,19
-0.153293,-0.0772742,-3.77758,-25,0,50,25,0,42
-0.00131835,9.3899e-05,-1.1106,-99.9,-99.9,-1,-99.9,-99.9,-1
0.117176,-0.248113,7.30073,-25,0,35,25,0,32
14.9901,0.394443,0.506893,-25,0,8,25,0,5
0.00173923,0.00104585,8.66502,-99.9,-99.9,-1,-99.9,-99.9,-1
0.209788,0.112774,-1.31878,-25,0,14,25,0,25
-0.00383434,-0.000964725,5.57367,-99.9,-99.9,-1,-99.9,-99.9,-1
0.00271833,-0.000269623,9.75862,-25,0,1,-99.9,-99.9,-1
0.00740699,0.00110955,8.25072,-99.9,-99.9,-1,-99.9,-99.9,-1
-0.123423,-0.228403,-5.99658,-25,0,42,25,0,45
-0.510475,0.236754,-2.82828,-25,0,45,25,0,44
0.271398,-0.00482332,9.55162,-25,0,34,25,0,44
-0.0712665,0.0516035,-1.00017,-99.9,-99.9,-1,-99.9,-99.9,-1
0.0230112,-0.0693773,2.84821,-25,0,7,25,0,5
-0.581143,-1.35687,-4.67589,-25,0,59,25,0,34
0,0,-8.0017,-99.9,-99.9,-1,-99.9,-99.9,-1
-1.01797,0.537499,-7.71676,-25,0,31,25,0,33
0.0133226,0.00509231,-6.79564,-25,0,2,25,0,2
-0.00399525,0.000799656,1.31161,-99.9,-99.9,-1,25,0,1
-0.00109432,-0.000235351,-5.78344,-99.9,-99.9,-1,25,0,1
0.0462726,-2.15204,-0.0650211,-25,0,6,25,0,11
-0.00361993,-0.000547451,6.44758,-25,0,2,-99.9,-99.9,-1
-0.00504134,-0.00355958,9.78977,-99.9,-99.9,-1,-99.9,-99.9,-1
4.53314,-6.21831,-2.40082,-25,0,1,25,0,1
-0.434687,-0.337774,-7.49765,-25,0,48,25,0,66
-0.0706405,-0.0247709,-8.50696,-25,0,1,-99.9,-99.9,-1
-0.000435647,-0.000101738,7.29803,-99.9,-99.9,-1,-99.9,-99.9,-1
0.674361,0.103544,-2.34384,-25,0,19,25,0,22
0.0035506,0.171247,9.16029,-25,0,13,25,0,16
6.40016,0.760765,7.27673,-25,0,24,25,0,46
0.00690994,-0.00772331,1.28171,-25,0,1,25,0,3
6.64539,4.52188,9.22393,-25,0,25,25,0,20
-0.00592977,-0.00241399,2.21939,-99.9,-99.9,-1,-99.9,-99.9,-1
1.48101,-0.239737,-2.75895,-25,0,47,25,0,52
-0.000740127,0.000145744,7.72836,-99.9,-99.9,-1,-99.9,-99.9,-1
-0.000477452,-0.00044302,-1.27135,-99.9,-99.9,-1,-99.9,-99.9,-1
0,0,-5.8063,-99.9,-99.9,-1,-99.9,-99.9,-1
0.00110526,-2.28373e-05,-2.19015,-25,0,1,-99.9,-99.9,-1
0.00502686,0.000293055,-1.26653,-99.9,-99.9,-1,-99.9,-99.9,-1
-0.0800033,0.0546861,6.00885,-25,0,6,25,0,8
0.00375358,-0.000575209,1.00095,-25,0,1,-99.9,-99.9,-1
0.330043,0.238757,-2.05436,-99.9,-99.9,-1,-99.9,-99.9,-1
0.00861823,0.0237466,-5.4514,-25,0,3,25,0,3
0.00343173,-7.92114e-05,-1.01772,-99.9,-99.9,-1,-99.9,-99.9,-1
0.00629102,-0.000686919,0.935674,-99.9,-99.9,-1,-99.9,-99.9,-1
0.000102587,0.000483444,-9.51014,-99.9,-99.9,-1,-99.9,-99.9,-1
7.96068,0.113772,-0.404736,-25,0,2,25,0,4
-8.60233e-06,-0.000471719,-2.39327,-99.9,-99.9,-1,-99.9,-99.9,-1
0.722359,-0.798665,8.14516,-99.9,-99.9,-1,-99.9,-99.9,-1
6.47611,-13.5375,-4.84919,-25,0,32,25,0,46
0.000580375,0.000630524,9.04321,-99.9,-99.9,-1,-99.9,-99.9,-1
-0.00027367,-0.000582002,2.09553,-25,0,1,25,0,1
0.0874329,0.151559,1.67169,-25,0,40,25,0,33
-2.86245e-05,0.000646752,-5.48821,-99.9,-99.9,-1,-99.9,-99.9,-1
-0.242175,-0.0258929,7.09132,-25,0,35,25,0,22
1.40508,-0.706947,3.53289,-25,0,2,25,0,8
0.182583,-4.79182,6.12774,-25,0,26,25,0,26
-2.88437,4.51349,-5.62289,-25,0,2,25,0,5
0.48567,0.403755,-2.6332,-25,0,38,25,0,46
-0.0474551,0.0927267,-0.220064,-25,0,9,25,0,14
-0.00907561,-0.00263221,-0.366497,-99.9,-99.9,-1,-99.9,-99.9,-1
0.0896657,-0.169994,-6.21618,-25,0,21,25,0,24
0.000153592,9.03786e-05,0.108856,-25,0,1,-99.9,-99.9,-1
0.00415019,0.00828264,-6.68699,-25,0,42,25,0,45
-0.0165837,0.178115,-6.07996,-25,0,23,25,0,19
3.09326,2.95922,-8.55203,-25,0,5,25,0,6
0.000122488,-0.00122968,7.00614,-99.9,-99.9,-1,-99.9,-99.9,-1
6.63267e-05,2.14324e-05,3.31142,-99.9,-99.9,-1,-99.9,-99.9,-1
0.0963921,0.148075,5.05701,-25,0,16,25,0,23
0.153086,-0.148239,-7.77743,-25,0,43,25,0,38
-0.101189,0.0685106,-3.66193,-25,0,8,25,0,16
0.143187,0.0642404,-1.49625,-99.9,-99.9,-1,-99.9,-99.9,-1
0.0010981,-0.000232454,-1.68098,-99.9,-99.9,-1,-99.9,-99.9,-1
-0.0189722,-0.0580163,0.241786,-25,0,4,25,0,8
0.0126553,-0.0226113,-2.55841,-25,0,1,25,0,5
0.000646045,-0.0010365,-6.21778,-99.9,-99.9,-1,-99.9,-99.9,-1
-0.000730766,-0.000810063,4.16065,-99.9,-99.9,-1,-99.9,-99.9,-1
-0.00042673,0.000189368,-9.91829,-99.9,-99.9,-1,25,0,1
-0.00109736,0.00037242,2.35022,-99.9,-99.9,-1,-99.9,-99.9,-1
0.00402957,-0.00289189,9.45108,-99.9,-99.9,-1,-99.9,-99.9,-1
0.112265,-0.138782,9.77828,-25,0,13,25,0,19
-0.00216763,-0.00051094,2.12663,-25,0,1,-99.9,-99.9,-1
0.000869847,-0.000548126,-3.6906,-99.9,-99.9,-1,-99.9,-99.9,-1
0,0,-1.2353,-99.9,-99.9,-1,-99.9,-99.9,-1
-0.0282405,0.0717077,0.908312,-25,0,10,25,0,8
-0.00357129,-0.000647256,1.09154,-99.9,-99.9,-1,-99.9,-99.9,-1
-0.000521676,-0.000523548,-5.22221,-99.9,-99.9,-1,25,0,1
-1.45691,-0.833558,-1.99487,-25,0,24,25,0,16
0.00213341,0.000440846,-7.8941,-99.9,-99.9,-1,-99.9,-99.9,-1
-9.00233,-14.2232,8.47214,-25,0,8,25,0,4
-2.75075,-6.97402,4.9408,-25,0,3,25,0,5
9.56806,-1.78713,5.51537,-25,0,22,25,0,28
-0.0545117,-0.120344,-6.42609,-25,0,19,25,0,14
-0.0832983,1.19177,-0.876871,-25,0,35,25,0,40
-0.0016474,0.000106573,-2.41538,-99.9,-99.9,-1,-99.9,-99.9,-1
-0.00069169,-0.000794391,-8.32158,-99.9,-99.9,-1,-99.9,-99.9,-1
-0.000279992,-0.000128523,2.57058,-99.9,-99.9,-1,-99.9,-99.9,-1
-0.745948,0.381647,-7.17274,-25,0,16,25,0,19
0.00391173,0.00197005,4.38263,-99.9,-99.9,-1,-99.9,-99.9,-1
-0.0106742,0.0182295,8.00349,-25,0,2,25,0,4
0,0,-8.06183,-99.9,-99.9,-1,-99.9,-99.9,-1
0.0126399,-2.61301e-05,-3.80178,-99.9,-99.9,-1,25,0,1
0.233529,0.000179888,-4.21912,-25,0,23,25,0,27
1.43979,0.982185,-6.35242,-25,0,3,25,0,4
0.0847161,0.083975,9.91871,-25,0,8,25,0,18
-0.0582524,-0.155519,6.52376,-25,0,61,25,0,43
-0.000645391,0.000479596,3.846,-99.9,-99.9,-1,-99.9,-99.9,-1
2.36447,0.270017,3.79539,-25,0,6,25,0,4
-2.172,-2.27542,2.82658,-99.9,-99.9,-1,-99.9,-99.9,-1
0.00250179,-0.000506815,-9.45371,-99.9,-99.9,-1,-99.9,-99.9,-1
-13.7766,2.7667,-2.36095,-25,0,21,25,0,4
-0.000571194,7.02022e-05,-0.717636,-99.9,-99.9,-1,25,0,1
-0.00204234,-5.32475e-05,3.99588,-99.9,-99.9,-1,-99.9,-99.9,-1
0.000687272,-2.3158e-05,9.87422,-99.9,-99.9,-1,-99.9,-99.9,-1
0.945411,0.314945,-1.41646,-25,0,4,25,0,1
0.463496,3.55449,3.68547,-25,0,21,25,0,33
-0.0192071,0.0231812,6.64375,-25,0,5,25,0,4
-0.00528125,0.000546163,-5.35399,-99.9,-99.9,-1,-99.9,-99.9,-1
-0.0377905,-0.131353,-0.55861,-25,0,46,25,0,50
-1.1971,3.58826,0.665547,-25,0,1,-99.9,-99.9,-1
0.00271071,-0.00144104,-2.20865,-99.9,-99.9,-1,-99.9,-99.9,-1
-0.00474396,-0.000454095,-4.95705,-99.9,-99.9,-1,-99.9,-99.9,-1
8.94542e-05,0.000739575,5.90947,-25,0,1,25,0,1
0.00120146,-0.00341959,4.1487,-99.9,-99.9,-1,-99.9,-99.9,-1
-3.45055,-13.9477,2.2728,-25,0,49,25,0,35
-6.23483,1.02318,-3.46219,-25,0,3,25,0,1
0.000283957,-0.000446763,-8.87775,-99.9,-99.9,-1,25,0,1
-0.022742,-0.0163115,1.40422,-25,0,2,25,0,5
-0.239457,-0.0308674,5.17752,-25,0,22,25,0,30
0,0,-0.934549,-99.9,-99.9,-1,-99.9,-99.9,-1
-19.122,7.42276,-7.87889,-25,0,2,25,0,1
0,0,-8.61046,-99.9,-99.9,-1,-99.9,-99.9,-1
0.00231151,-0.00192893,2.47834,-99.9,-99.9,-1,-99.9,-99.9,-1
6.42236,-2.36362,-1.97227,-25,0,12,25,0,16
-0.152075,-0.185355,0.642193,-25,0,49,25,0,49
0.00219973,0.000692695,-0.0597254,-99.9,-99.9,-1,-99.9,-99.9,-1
-0.00206548,-0.000299593,2.13975,-99.9,-99.9,-1,-99.9,-99.9,-1
9.1949e-05,-0.000448264,-4.78936,-99.9,-99.9,-1,-99.9,-99.9,-1
-0.00222579,-0.0591938,5.93504,-25,0,50,25,0,53
0.00297627,0.000466196,-1.21668,-99.9,-99.9,-1,-99.9,-99.9,-1
0.193999,0.224959,-4.29443,-25,0,38,25,0,35
0.00156829,-0.000312258,3.29166,-99.9,-99.9,-1,-99.9,-99.9,-1
-0.0321212,0.0242156,1.49818,-25,0,8,25,0,9
-0.0480024,-0.145674,-3.02303,-25,0,25,25,0,22
-0.0187847,0.151455,-7.45943,-25,0,1,-99.9,-99.9,-1
0.0710912,0.00882237,-6.16954,-25,0,5,25,0,7
-2.12957e-05,-0.0417651,3.02988,-25,0,4,25,0,5
0.106801,-1.6919,-5.5738,-25,0,2,25,0,3
0.000149613,-0.00378161,7.75157,-25,0,1,25,0,2
2.19872,-0.0555917,-2.779,-99.9,-99.9,-1,25,0,1
0.16681,-0.0897532,9.58261,-25,0,33,25,0,41
0.301836,0.0853201,5.63578,-25,0,42,25,0,46
-0.00165379,-2.61948e-05,-9.76113,-99.9,-99.9,-1,-99.9,-99.9,-1
-0.00297401,0.000712314,-2.18373,-99.9,-99.9,-1,-99.9,-99.9,-1
0.00584328,0.000145538,-0.973543,-99.9,-99.9,-1,25,0,1
0.654731,1.00819,-0.0281462,-25,0,38,25,0,38
0.00363931,0.000402423,-2.62782,-25,0,1,25,0,1
-0.00293869,-4.71951e-05,4.51183,-99.9,-99.9,-1,-99.9,-99.9,-1
-0.000888756,-0.000453433,3.38707,-99.9,-99.9,-1,25,0,1
-0.85171,1.14979,-1.43826,-25,0,30,25,0,40
-0.00393721,0.000593116,8.64268,-25,0,1,-99.9,-99.9,-1
0.00131333,0.000512467,3.40657,-99.9,-99.9,-1,-99.9,-99.9,-1
2.71795,1.00239,7.13535,-25,0,26,25,0,48
0.0587214,-0.177553,4.86674,-99.9,-99.9,-1,25,0,1
-0.00202305,-0.00135003,-9.53258,-99.9,-99.9,-1,-99.9,-99.9,-1
-24.8001,0.543514,-0.945774,-25,0,32,25,0,8
0.00160714,5.72001e-05,5.08313,-99.9,-99.9,-1,-99.9,-99.9,-1
-0.0060918,-0.000265899,0.284919,-25,0,1,-99.9,-99.9,-1
-0.00637436,-0.00011778,-6.90379,-99.9,-99.9,-1,-99.9,-99.9,-1
-0.102931,0.0365903,3.41341,-25,0,9,25,0,18
-0.215264,0.0226216,2.46973,-25,0,25,25,0,33
0.0205239,-0.0289653,-5.36455,-25,0,5,25,0,3
0,0,-3.67553,-99.9,-99.9,-1,-99.9,-99.9,-1
-0.000207302,-0.00141868,1.37649,-99.9,-99.9,-1,-99.9,-99.9,-1
0.00124565,-0.000688584,2.40286,-99.9,-99.9,-1,-99.9,-99.9,-1
0.0937553,0.232557,-6.93276,-25,0,55,25,0,46
-0.910206,-0.810766,4.76124,-99.9,-99.9,-1,-99.9,-99.9,-1
-0.00447872,0.00168521,5.29392,-99.9,-99.9,-1,-99.9,-99.9,-1
0.0362868,-0.00756019,9.78524,-25,0,8,25,0,6
-0.0856498,-0.0541774,-9.54598,-25,0,12,25,0,4
0.0010319,-0.000670416,0.585741,-25,0,1,-99.9,-99.9,-1
0.0846697,-0.0568836,-2.41045,-25,0,13,25,0,17
0.117827,0.0701348,-0.430635,-25,0,17,25,0,20
0.00179561,0.190865,2.86607,-25,0,24,25,0,21
-0.000109567,0.000363002,-0.0707774,-25,0,1,-99.9,-99.9,-1
0.20892,0.151419,8.26129,-25,0,38,25,0,41
-0.00175631,-0.000349267,-0.403843,-99.9,-99.9,-1,-99.9,-99.9,-1
-4.5486,5.56439,4.9947,-25,0,15,25,0,24
-0.00318097,0.000197784,8.38133,-99.9,-99.9,-1,-99.9,-99.9,-1
0.204496,-0.146677,-2.12657,-25,0,32,25,0,40
2.09358,1.2132,-3.35638,-99.9,-99.9,-1,-99.9,-99.9,-1
0,0,-4.9507,-99.9,-99.9,-1,-99.9,-99.9,-1
0.0423758,0.0504324,0.620441,-25,0,8,25,0,13
0.039178,-0.175072,-6.53018,-25,0,20,25,0,14
-17.9008,0.858622,-3.94585,-99.9,-99.9,-1,-99.9,-99.9,-1
0.795487,-0.4504,3.5641,-25,0,18,25,0,22
-0.174307,0.0203127,-3.43501,-25,0,19,25,0,25
0,0,-1.77233,-99.9,-99.9,-1,-99.9,-99.9,-1
0,0,-1.1609,-99.9,-99.9,-1,-99.9,-99.9,-1
0.000333041,-0.000498292,-9.8963,-25,0,1,-99.9,-99.9,-1
0.106338,0.0935298,9.43198,-25,0,16,25,0,19
0.00224212,0.00105522,9.11733,-99.9,-99.9,-1,-99.9,-99.9,-1
1.93402,1.88332,-7.07909,-25,0,2,-99.9,-99.9,-1
-2.00824e-05,7.6895e-05,-8.63464,-25,0,1,-99.9,-99.9,-1
0.00110854,0.00144108,6.58109,-99.9,-99.9,-1,-99.9,-99.9,-1
0.103689,0.106788,-1.54395,-25,0,21,25,0,10
6.33593,-0.508303,-0.0663583,-25,0,2,-99.9,-99.9,-1
0.00019154,-0.00102729,-7.31103,-25,0,1,-99.9,-99.9,-1
-1.35196e-05,0.00165785,-6.7883,-99.9,-99.9,-1,-99.9,-99.9,-1
-0.00180576,-0.000893394,7.23867,-99.9,-99.9,-1,-99.9,-99.9,-1
-1.95515,-1.05551,-1.04059,-25,0,5,-99.9,-99.9,-1
0.232226,0.0740493,-9.55613,-25,0,32,25,0,23
-0.0187176,0.0329008,-1.80154,-25,0,34,25,0,41
-0.00237729,-0.000384957,6.55371,-99.9,-99.9,-1,-99.9,-99.9,-1
1.36082,-5.23896,-4.19341,-25,0,29,25,0,21
1.67607,0.30421,-6.93477,-25,0,56,25,0,39
-0.00331916,0.000307128,9.94077,-99.9,-99.9,-1,-99.9,-99.9,-1
0.000219937,0.000250177,9.19007,-25,0,1,-99.9,-99.9,-1
-7.92339,2.03968,-2.46742,-25,0,12,25,0,4
-0.000168459,-1.57036e-05,-9.97783,-25,0,2,25,0,1
0.0330123,-0.0147316,-1.21388,-25,0,3,25,0,4
-0.00151761,0.00275943,4.51427,-99.9,-99.9,-1,25,0,1
-0.0615293,-0.0557377,-9.88446,-25,0,8,25,0,6
-0.526916,1.03325,-3.24959,-25,0,10,25,0,13
0.000755692,0.0001652,-9.13339,-99.9,-99.9,-1,25,0,1
-0.00277038,-0.000469484,-5.78729,-99.9,-99.9,-1,-99.9,-99.9,-1
-0.205131,0.0321941,2.23168,-25,0,17,25,0,26
-0.00299289,0.000742759,4.449,-99.9,-99.9,-1,-99.9,-99.9,-1
0.000110755,-0.000920774,-2.13972,-99.9,-99.9,-1,-99.9,-99.9,-1
0.579902,-1.02792,-4.72604,-25,0,41,25,0,36
0.0309848,-0.0224962,3.00271,-25,0,50,25,0,43
-0.0597025,-0.0174412,-6.57226,-99.9,-99.9,-1,-99.9,-99.9,-1
0.000387668,7.03231e-05,-1.81803,-99.9,-99.9,-1,-99.9,-99.9,-1
-0.00079382,0.00151247,-2.35298,-99.9,-99.9,-1,-99.9,-99.9,-1
-0.000836741,-0.000271487,-3.56572,-99.9,-99.9,-1,-99.9,-99.9,-1
-0.00232736,-0.000138419,3.29584,-99.9,-99.9,-1,-99.9,-99.9,-1
0.190101,-0.58897,-0.286296,-25,0,4,25,0,2
-0.00277317,-1.92247e-05,9.65064,-99.9,-99.9,-1,-99.9,-99.9,-1
-0.966483,-0.878424,-1.20106,-99.9,-99.9,-1,-99.9,-99.9,-1
-27.1769,-9.40381,-2.692,-25,0,11,25,0,5
0.0900665,-0.168514,6.39002,-25,0,15,25,0,22
-0.000491468,0.0020999,4.30493,-99.9,-99.9,-1,-99.9,-99.9,-1
0.0196969,0.016018,-1.55093,-25,0,2,25,0,3
0.0211333,-0.0589707,1.62448,-25,0,2,25,0,8
0.00174421,-0.000844844,-5.00971,-99.9,-99.9,-1,-99.9,-99.9,-1
0.000424266,-0.000402154,8.9772,-99.9,-99.9,-1,25,0,1
-0.839805,0.989763,0.175584,-25,0,23,25,0,26
0.00409057,0.00204597,1.1649,-99.9,-99.9,-1,-99.9,-99.9,-1
0.0612206,-0.0281183,-0.396122,-25,0,41,25,0,50
0.00200089,0.00136155,2.53916,-99.9,-99.9,-1,-99.9,-99.9,-1
0.00980875,0.0186029,-2.5531,-25,0,3,25,0,4
-0.279898,-0.508123,-0.889646,-25,0,27,25,0,29
0,0,-4.57358,-99.9,-99.9,-1,-99.9,-99.9,-1
-0.172574,0.0356413,-3.05806,-25,0,39,25,0,40
6.97843,3.51288,7.28451,-25,0,1,25,0,3
0.838484,-5.71534,2.06906,-25,0,7,25,0,5
8.52976,3.10903,1.68351,-99.9,-99.9,-1,25,0,1
-0.000115293,0.00123835,0.201833,-99.9,-99.9,-1,-99.9,-99.9,-1
-0.000911141,0.000943266,-9.38028,-99.9,-99.9,-1,-99.9,-99.9,-1
0.00015042,0.000725233,9.48386,-99.9,-99.9,-1,-99.9,-99.9,-1
0.271153,0.0727997,8.26668,-25,0,36,25,0,36
-0.00243393,0.000519909,3.99392,-25,0,1,-99.9,-99.9,-1
-1.54503,-3.31926,-4.03786,-25,0,21,25,0,24
-0.000199366,0.000209736,2.59653,-25,0,1,25,0,1
-0.0101303,-0.0204512,7.62681,-25,0,3,25,0,5
0.21924,-1.37175,-5.61277,-25,0,26,25,0,30
-0.0750423,0.0647453,-6.19875,-25,0,45,25,0,41
-0.00968434,0.046338,-1.67119,-25,0,5,25,0,4
0.000666519,0.00030886,-9.2662,-25,0,1,25,0,1
3.63916,-0.601824,3.9188,-99.9,-99.9,-1,-99.9,-99.9,-1
-0.000657089,-7.77692e-05,8.06256,-99.9,-99.9,-1,-99.9,-99.9,-1
-0.0126567,0.437223,9.46652,-25,0,1,-99.9,-99.9,-1
0.0011242,0.00078013,-5.44214,-99.9,-99.9,-1,-99.9,-99.9,-1
-0.00129693,-0.00122553,-9.98791,-99.9,-99.9,-1,-99.9,-99.9,-1
0,0,-9.08321,-99.9,-99.9,-1,-99.9,-99.9,-1
0.0508323,0.0269777,-5.35388,-25,0,7,25,0,7
1.91085,3.03427,-3.50382,-25,0,4,25,0,13
0.0715364,0.0500757,7.34602,-25,0,9,25,0,8
-0.0870369,-0.156748,-5.5158,-25,0,20,25,0,25
0.164134,-0.113008,9.83672,-25,0,16,25,0,19
0.00212614,0.00043746,-0.115198,-99.9,-99.9,-1,-99.9,-99.9,-1
-0.584243,2.64717,-5.60342,-25,0,1,-99.9,-99.9,-1
0.193454,-0.11793,-0.767956,-25,0,40,25,0,44
0.00288469,-0.000368678,5.2225,-99.9,-99.9,-1,-99.9,-99.9,-1
-0.0586623,-0.21788,0.229465,-25,0,28,25,0,20
-0.249145,0.0750773,-5.95543,-25,0,26,25,0,31
0.000379684,0.000888122,-6.25599,-99.9,-99.9,-1,-99.9,-99.9,-1
-0.00291946,0.00177398,5.82349,-99.9,-99.9,-1,-99.9,-99.9,-1
4.63649,-9.79311,8.97452,-25,0,35,25,0,37
-0.0113861,0.0121397,-5.12401,-25,0,3,25,0,6
0.212589,-0.183171,-0.171828,-25,0,42,25,0,44
0.0967272,0.261353,-2.03543,-25,0,30,25,0,33
-0.00116636,-0.00171498,-5.56631,-25,0,1,-99.9,-99.9,-1
0.270263,-0.438536,1.49483,-25,0,1,-99.9,-99.9,-1
0.0403173,0.0265462,-0.58173,-25,0,3,25,0,3
0.000253047,-0.000514675,-3.50738,-25,0,1,-99.9,-99.9,-1
0.00210543,-0.000494119,8.99706,-99.9,-99.9,-1,-99.9,-99.9,-1
-0.000762261,-0.00148028,2.76095,-99.9,-99.9,-1,-99.9,-99.9,-1
2.64975,-0.654981,-8.73211,-25,0,3,25,0,3
-0.0014462,0.000752738,1.82021,-99.9,-99.9,-1,-99.9,-99.9,-1
2.80391,2.25643,-2.00836,-25,0,21,25,0,30
-13.786,3.68646,3.38714,-25,0,3,25,0,1
-0.00480164,6.04539e-05,3.29092,-99.9,-99.9,-1,-99.9,-99.9,-1
0.00142888,0.000208878,9.02973,-99.9,-99.9,-1,25,0,1
0.0456721,0.00692985,-0.191141,-25,0,6,25,0,5
0.0418843,-0.077926,-1.53273,-25,0,5,25,0,9
0.00625551,-0.00900567,-1.66595,-25,0,23,25,0,24
-0.935041,2.06363,-7.1303,-25,0,1,25,0,2
0.0001081,9.97824e-05,5.10586,-25,0,1,-99.9,-99.9,-1
-0.183772,2.14795,1.0969,-25,0,42,25,0,35
-21.5594,-4.32616,9.70516,-25,0,5,-99.9,-99.9,-1
0.00735937,-0.0125383,-4.37422,-99.9,-99.9,-1,25,0,1
0,0,-5.54171,-99.9,-99.9,-1,-99.9,-99.9,-1
0.00059173,0.000299891,-8.4985,-99.9,-99.9,-1,25,0,1
-0.0144708,-0.0402278,-0.679524,-25,0,26,25,0,25
0.0239859,0.00393413,-1.59692,-25,0,1,25,0,5
-0.000133025,-0.000754205,-7.64266,-99.9,-99.9,-1,25,0,1
-0.931635,0.329164,-3.02089,-25,0,41,25,0,35
0.175365,-0.128918,9.53722,-25,0,37,25,0,43
-0.00676135,0.000619675,-4.67255,-99.9,-99.9,-1,-99.9,-99.9,-1
0.000345747,0.000145005,2.26245,-99.9,-99.9,-1,25,0,2
0.0836841,-0.780441,6.91585,-25,0,38,25,0,36
-0.000707931,-6.90584e-05,-3.74125,-99.9,-99.9,-1,-99.9,-99.9,-1
0.000124826,0.000431876,5.98916,-99.9,-99.9,-1,-99.9,-99.9,-1
-0.00222922,0.000431476,-7.55271,-25,0,1,25,0,1
-0.0270177,0.125432,5.49831,-25,0,13,25,0,17
-0.0933128,0.0106158,8.6831,-25,0,8,25,0,7
1.80529,-0.3394,-3.84254,-25,0,2,25,0,3
0.00102006,-0.00045634,-8.50547,-99.9,-99.9,-1,25,0,1
-0.00205219,0.000588555,-5.27828,-25,0,1,25,0,1
0.0692672,0.188369,-8.36556,-25,0,24,25,0,21
0.00123448,0.000393199,-7.08567,-99.9,-99.9,-1,-99.9,-99.9,-1
-0.0797069,-0.19729,1.13035,-25,0,17,25,0,32
0.0240194,0.0111586,5.86458,-25,0,7,25,0,2
-0.0267343,-0.00292451,-4.71745,-99.9,-99.9,-1,25,0,2
-0.000389046,-0.000977355,-6.92678,-99.9,-99.9,-1,-99.9,-99.9,-1
-0.453157,0.298721,-4.24289,-99.9,-99.9,-1,25,0,1
-0.00881317,-0.252048,6.62515,-25,0,19,25,0,26
-7.70625,0.0229345,1.46061,-25,0,10,25,0,2
-0.0524721,0.00391669,3.9495,-25,0,8,25,0,10
0,0,-3.30845,-99.9,-99.9,-1,-99.9,-99.9,-1
-0.00335748,-0.000812934,-9.74192,-99.9,-99.9,-1,-99.9,-99.9,-1
0.0168914,-0.212696,2.58456,-25,0,25,25,0,21
-0.0880155,-0.231306,9.41906,-25,0,31,25,0,42
-0.00411034,-3.04108e-05,5.47283,-99.9,-99.9,-1,-99.9,-99.9,-1
0.0611717,1.1148,1.1118,-25,0,27,25,0,28
-1.86237,-1.68378,-2.01967,-25,0,69,25,0,33
0.0768258,0.148027,7.30937,-25,0,43,25,0,48
-0.00485066,0.0020844,7.68068,-25,0,1,25,0,1
-0.000932427,0.000396964,4.88419,-99.9,-99.9,-1,-99.9,-99.9,-1
0,0,-4.85611,-99.9,-99.9,-1,-99.9,-99.9,-1
0.00249608,-0.000846597,5.54057,-25,0,1,-99.9,-99.9,-1
0.00155529,0.000641806,-2.6465,-25,0,1,-99.9,-99.9,-1
-3.58735,-4.24905,7.75036,-25,0,3,25,0,1
-9.16023e-05,0.00204643,3.79594,-99.9,-99.9,-1,-99.9,-99.9,-1
0.00103273,0.00147237,2.72043,-99.9,-99.9,-1,-99.9,-99.9,-1
8.97208e-05,0.000612325,3.21137,-99.9,-99.9,-1,-99.9,-99.9,-1
-0.0258839,0.0414113,4.58057,-25,0,47,25,0,50
-0.0821484,-0.0433811,7.13688,-25,0,9,25,0,6
-0.00342296,0.00128933,4.73395,-99.9,-99.9,-1,-99.9,-99.9,-1
-0.13321,0.0279516,9.72095,-25,0,21,25,0,22
-0.00299311,-0.00395761,-5.80981,-99.9,-99.9,-1,25,0,1
0.0116422,-0.143181,-2.53287,-25,0,42,25,0,38
-4.26552,1.17317,3.79329,-25,0,3,25,0,1
-0.0746344,-0.212086,3.75929,-25,0,20,25,0,29
0.351069,-1.53514,4.31142,-99.9,-99.9,-1,-99.9,-99.9,-1
0.00135757,-0.00234573,-0.642405,-25,0,1,25,0,1
7.67794,2.5724,-1.60201,-99.9,-99.9,-1,-99.9,-99.9,-1
-6.35066e-05,-4.80873e-05,-2.61378,-99.9,-99.9,-1,-99.9,-99.9,-1
0.133028,-0.203425,0.297378,-25,0,39,25,0,32
0.0125497,0.172428,-7.7076,-25,0,17,25,0,18
0.134717,-0.993171,8.34212,-25,0,55,25,0,51
-4.16759,-4.00872,2.20089,-25,0,6,25,0,5
-0.000549776,-0.000237004,4.76835,-99.9,-99.9,-1,-99.9,-99.9,-1
-0.00135677,0.00113263,2.30174,-99.9,-99.9,-1,-99.9,-99.9,-1
0.00304153,0.000295504,2.86057,-99.9,-99.9,-1,-99.9,-99.9,-1
-0.00251099,-0.000444374,4.70479,-99.9,-99.9,-1,-99.9,-99.9,-1
0.203448,0.0556199,1.73992,-25,0,41,25,0,53
-0.0203149,0.126589,-6.44515,-25,0,19,25,0,14
0,0,-0.174253,-99.9,-99.9,-1,-99.9,-99.9,-1
0.000520617,-2.71364e-05,-3.84203,-99.9,-99.9,-1,-99.9,-99.9,-1
-0.00132886,0.000999035,-9.07968,-99.9,-99.9,-1,-99.9,-99.9,-1
-0.236295,-2.02592,-6.88927,-25,0,27,25,0,32
-0.238785,-0.0664801,-2.90551,-25,0,28,25,0,25
0.144,0.000986573,-8.97054,-25,0,17,25,0,14
0.159854,0.423885,0.982688,-25,0,5,25,0,1
-0.00410828,-0.00274789,-9.49303,-99.9,-99.9,-1,-99.9,-99.9,-1
0.00310502,0.00301699,-2.08207,-99.9,-99.9,-1,-99.9,-99.9,-1
-0.00356365,0.00164947,5.97639,-99.9,-99.9,-1,-99.9,-99.9,-1
0.00178623,0.000467347,5.08017,-99.9,-99.9,-1,-99.9,-99.9,-1
-0.0215272,0.00732755,5.02468,-25,0,2,25,0,2
-0.00214568,-0.000177437,8.77756,-99.9,-99.9,-1,-99.9,-99.9,-1
-13.1936,-10.0299,2.86881,-25,0,1,-99.9,-99.9,-1
0.000469288,-0.0014866,-2.03696,-99.9,-99.9,-1,-99.9,-99.9,-1
0.000171212,0.000167144,-5.89526,-25,0,1,-99.9,-99.9,-1
-5.17053,-0.454922,-0.340943,-25,0,1,-99.9,-99.9,-1
-2.18001,6.01094,5.04229,-99.9,-99.9,-1,-99.9,-99.9,-1
-0.117628,0.120706,4.77001,-25,0,18,25,0,14
-0.000907232,-0.000414162,0.16229,-99.9,-99.9,-1,-99.9,-99.9,-1
0,0,-2.931,-99.9,-99.9,-1,-99.9,-99.9,-1
-0.0251588,0.0033839,5.44297,-25,0,2,25,0,5
-0.000115815,-0.00053677,-6.05954,-25,0,1,-99.9,-99.9,-1
0.000994604,0.0022626,6.11801,-99.9,-99.9,-1,25,0,1
-0.490912,0.127528,-1.76621,-25,0,8,25,0,7
-0.316382,0.0542972,-4.57909,-25,0,17,25,0,15
0.00105403,0.000108348,4.09073,-99.9,-99.9,-1,-99.9,-99.9,-1
0.0802264,-0.10363,-4.61955,-25,0,17,25,0,19
0.0109201,-0.0304056,-9.16917,-25,0,3,25,0,5
-0.0306095,0.0162899,-5.72262,-25,0,5,25,0,8
0.000987644,0.000407046,-6.23793,-99.9,-99.9,-1,-99.9,-99.9,-1
0.0170933,0.0142148,-7.02287,-25,0,50,25,0,42
0.0222012,0.134765,-3.32036,-25,0,12,25,0,14
0.00709933,0.191126,-6.35739,-25,0,16,25,0,22
0,0,-9.75879,-99.9,-99.9,-1,-99.9,-99.9,-1
0.270443,0.0387979,2.76611,-25,0,39,25,0,27
0.000242789,-0.000732832,-0.0655672,-99.9,-99.9,-1,25,0,1
-0.00154445,-0.000396313,5.38657,-99.9,-99.9,-1,-99.9,-99.9,-1
0.00290607,-0.00100889,-7.29975,-99.9,-99.9,-1,-99.9,-99.9,-1
5.67854e-05,0.000507962,5.03192,-99.9,-99.9,-1,-99.9,-99.9,-1
-0.0348533,0.0159472,-8.23885,-25,0,24,25,0,23
-0.682178,-0.926086,-5.63768,-25,0,37,25,0,51
-0.362142,3.49642,0.762344,-25,0,23,25,0,32
0.0012312,0.000380069,0.217685,-25,0,1,-99.9,-99.9,-1
-0.000272053,-0.000201281,9.00146,-99.9,-99.9,-1,-99.9,-99.9,-1
-0.0057146,0.00218485,-8.22377,-99.9,-99.9,-1,25,0,3
-0.00165397,0.000164253,-9.96863,-25,0,1,25,0,1
0.278357,0.0159921,-1.96054,-25,0,34,25,0,37
0.0781698,0.201814,-3.37342,-25,0,17,25,0,18
0.00819531,-0.0143483,8.22279,-25,0,1,25,0,2
0.000514738,-0.000614849,2.22413,-99.9,-99.9,-1,25,0,1
-2.58606,1.85994,6.92066,-25,0,2,25,0,3
0.000178207,-0.000860485,2.34181,-99.9,-99.9,-1,-99.9,-99.9,-1
-0.0452459,0.0351648,9.08738,-25,0,4,25,0,8
-0.000956601,0.000506792,3.57376,-25,0,1,-99.9,-99.9,-1
0.0478359,0.00238431,-6.03019,-25,0,5,25,0,2
0.000118583,0.000259214,-4.58496,-99.9,-99.9,-1,-99.9,-99.9,-1
-0.191789,-0.0701894,-7.24598,-25,0,13,25,0,14
0.0955859,10.2205,7.6455,-25,0,3,-99.9,-99.9,-1
-0.220093,0.0883381,-0.461533,-25,0,38,25,0,19
-0.000928134,-0.0004807,1.84443,-25,0,1,-99.9,-99.9,-1
-1.3252,-18.7598,1.22905,-25,0,11,25,0,6
0.00229997,6.32507e-05,-3.61195,-99.9,-99.9,-1,-99.9,-99.9,-1
0.00111049,-0.0157285,-0.982931,-25,0,2,25,0,2
-0.00177179,-0.000736291,8.54441,-99.9,-99.9,-1,-99.9,-99.9,-1
-0.171137,0.0488432,4.29205,-25,0,18,25,0,12
0.00147055,0.000245198,-9.81502,-99.9,-99.9,-1,-99.9,-99.9,-1
0.039026,0.0544783,-2.95093,-25,0,6,25,0,6
0.000571834,-0.00060025,-4.90468,-25,0,1,-99.9,-99.9,-1
-0.389023,0.446932,-8.55429,-25,0,41,25,0,38
4.42929,-3.41497,-7.69222,-25,0,4,25,0,11
-0.140248,-0.542297,5.29341,-99.9,-99.9,-1,25,0,1
0.00186262,-0.000245257,8.20846,-99.9,-99.9,-1,-99.9,-99.9,-1
-0.0378364,0.00570565,-8.05113,-25,0,1,25,0,1
0.000984883,0.000258019,2.98066,-99.9,-99.9,-1,-99.9,-99.9,-1
0.0773462,-0.242361,-4.78529,-25,0,30,25,0,29
0.311717,-0.197146,-8.59502,-25,0,32,25,0,28
0.0374079,-0.025782,-0.711547,-25,0,2,25,0,4
0.00035158,0.00053917,-1.50933,-25,0,1,-99.9,-99.9,-1
-0.00314341,-0.0636583,-0.685406,-25,0,6,25,0,9
0.0521493,-0.0694196,7.0447,-25,0,11,25,0,10
-3.37654,-5.38671,8.99563,-25,0,19,25,0,28
-0.213197,-0.0436538,3.97908,-25,0,19,25,0,14
0.00680949,-7.61234e-05,-5.73767,-99.9,-99.9,-1,-99.9,-99.9,-1
-0.000851794,-0.00185868,8.59553,-99.9,-99.9,-1,-99.9,-99.9,-1
-0.00666012,-0.00841207,-9.04283,-25,0,3,25,0,2
-0.585856,-0.0556351,-2.56802,-25,0,1,-99.9,-99.9,-1
0.115611,-0.0501449,0.623223,-25,0,15,25,0,10
-0.279089,-1.23302,-5.78251,-25,0,1,-99.9,-99.9,-1
-0.183823,-0.0693104,8.435,-25,0,12,25,0,20
-0.008286,-0.0644106,6.90586,-25,0,7,25,0,8
0,0,-0.261474,-99.9,-99.9,-1,-99.9,-99.9,-1
-0.00272103,0.00112602,1.78726,-99.9,-99.9,-1,-99.9,-99.9,-1
0.130357,0.723097,1.51261,-25,0,1,-99.9,-99.9,-1
-4.85884,0.445789,3.05166,-25,0,19,25,0,17
0.000690294,-0.000833276,-2.40511,-99.9,-99.9,-1,-99.9,-99.9,-1
-0.22924,-0.0517888,-3.51827,-25,0,33,25,0,30
-0.000233546,-0.000830996,-2.71415,-99.9,-99.9,-1,25,0,2
0.00316492,0.00333098,0.0816756,-99.9,-99.9,-1,-99.9,-99.9,-1
-0.00372463,-0.0162628,-9.81573,-25,0,2,25,0,3
-0.448334,-0.453127,-2.00596,-25,0,45,25,0,44
-0.000751039,-0.000270974,-8.78182,-99.9,-99.9,-1,-99.9,-99.9,-1
0.00602262,-0.0019953,-6.3486,-99.9,-99.9,-1,-99.9,-99.9,-1
0,0,-2.76175,-99.9,-99.9,-1,-99.9,-99.9,-1
-0.00393946,0.000687429,6.65875,-99.9,-99.9,-1,-99.9,-99.9,-1
-0.0123965,0.0979986,2.64107,-99.9,-99.9,-1,-99.9,-99.9,-1
-0.0962947,-0.410513,1.30408,-25,0,44,25,0,43
0.0044028,-0.000626947,-8.64032,-99.9,-99.9,-1,-99.9,-99.9,-1
0.000466098,0.000206408,-0.210277,-99.9,-99.9,-1,-99.9,-99.9,-1
-0.146922,-0.195545,8.37769,-25,0,39,25,0,27
0.00371974,-0.0958135,-8.44,-25,0,8,25,0,9
0.12765,-0.203406,-7.4435,-25,0,4,-99.9,-99.9,-1
0.000120006,6.2116e-05,-2.35749,-99.9,-99.9,-1,-99.9,-99.9,-1
0.0379697,0.221473,-7.79038,-25,0,19,25,0,24
0.0893721,-0.0421701,4.72893,-99.9,-99.9,-1,25,0,1
0.00396438,0.000842229,-5.01872,-99.9,-99.9,-1,-99.9,-99.9,-1
4.91087,0.31773,9.00475,-25,0,47,25,0,46
-0.00101555,0.000839229,-0.22313,-99.9,-99.9,-1,-99.9,-99.9,-1
0.0122781,0.222252,0.429502,-25,0,29,25,0,25
-0.000481175,-0.000957641,-0.740574,-99.9,-99.9,-1,-99.9,-99.9,-1
1.01881,2.45602,-0.8676,-99.9,-99.9,-1,-99.9,-99.9,-1
-0.00111601,-0.00203423,-6.08542,-99.9,-99.9,-1,-99.9,-99.9,-1
0.000855316,0.000328846,1.4371,-99.9,-99.9,-1,25,0,1
0.000514926,-0.000433797,-5.24717,-99.9,-99.9,-1,-99.9,-99.9,-1
0.253352,0.0347242,1.6819,-25,0,37,25,0,43
-0.00255715,-0.0024235,-9.68631,-99.9,-99.9,-1,-99.9,-99.9,-1
0,0,-8.94628,-99.9,-99.9,-1,-99.9,-99.9,-1
-8.17981e-05,0.00117575,7.71808,-99.9,-99.9,-1,-99.9,-99.9,-1
0.0531394,-0.129482,5.35184,-25,0,9,25,0,20
0.000490013,0.000846468,-8.3102,-99.9,-99.9,-1,-99.9,-99.9,-1
-0.0925811,0.192234,-8.96961,-99.9,-99.9,-1,-99.9,-99.9,-1
-0.00143747,0.000399967,9.14896,-99.9,-99.9,-1,-99.9,-99.9,-1
0.000131353,-0.000486255,0.119477,-25,0,1,-99.9,-99.9,-1
-0.000151544,-0.000559468,-2.1432,-99.9,-99.9,-1,-99.9,-99.9,-1
-0.0321383,0.217008,5.4558,-25,0,18,25,0,27
-0.257901,0.0478549,-2.21297,-25,0,30,25,0,39
0.0537492,0.180844,-2.17642,-99.9,-99.9,-1,-99.9,-99.9,-1
-0.135166,-0.334171,-0.550176,-99.9,-99.9,-1,-99.9,-99.9,-1
0.00475084,4.24421e-05,1.60614,-99.9,-99.9,-1,-99.9,-99.9,-1
-18.7915,5.02957,-4.78653,-25,0,2,-99.9,-99.9,-1
1.97951,0.721352,-7.28445,-25,0,38,25,0,39
-0.00117068,0.000256388,-9.81765,-99.9,-99.9,-1,-99.9,-99.9,-1
0.000497028,0.000830865,3.9553,-99.9,-99.9,-1,-99.9,-99.9,-1
0.0585222,0.0313384,1.38462,-25,0,2,-99.9,-99.9,-1
-0.00155442,-0.000277656,5.20858,-99.9,-99.9,-1,-99.9,-99.9,-1
-0.128608,0.208214,4.85766,-25,0,46,25,0,39
0.00077306,9.40548e-05,-5.49727,-99.9,-99.9,-1,25,0,1
0.0542807,-0.00833494,9.77984,-25,0,8,25,0,5
1.51218,-2.53257,2.55658,-25,0,1,-99.9,-99.9,-1
-0.00461384,-0.133844,-9.58292,-25,0,11,25,0,14
-0.194897,-0.0758328,1.51719,-25,0,42,25,0,58
0.000717985,0.000407164,-4.9866,-99.9,-99.9,-1,25,0,1
0.0148239,-0.193013,2.93421,-25,0,14,25,0,22
-0.00010501,0.000141455,9.74232,-99.9,-99.9,-1,-99.9,-99.9,-1
0.00174616,-0.00112618,-8.56726,-25,0,1,-99.9,-99.9,-1
-3.60648,-3.42288,-2.806,-25,0,6,25,0,3
2.66859,-1.28559,1.2322,-25,0,1,-99.9,-99.9,-1
0.237051,0.119501,-2.71516,-25,0,27,25,0,34
-0.000586314,-0.000811931,-1.75844,-99.9,-99.9,-1,-99.9,-99.9,-1
-0.245154,0.435544,-6.44721,-99.9,-99.9,-1,25,0,1
-0.165033,-0.155133,1.16258,-25,0,38,25,0,41
0,0,-6.00301,-99.9,-99.9,-1,-99.9,-99.9,-1
-1.06663,0.711576,4.56898,-25,0,2,-99.9,-99.9,-1
0.084835,0.0754215,7.74969,-25,0,13,25,0,10
0.681187,2.77083,-4.53816,-25,0,37,25,0,27
-0.0224104,0.253682,-6.22246,-25,0,31,25,0,36
-0.00198569,0.000342831,5.7432,-99.9,-99.9,-1,-99.9,-99.9,-1
-6.67305e-05,-0.000426437,-3.32466,-99.9,-99.9,-1,-99.9,-99.9,-1
0.80751,-4.49661,-6.04489,-25,0,41,25,0,25
-0.000744032,-0.000194802,5.38829,-25,0,1,-99.9,-99.9,-1
0.981546,0.956871,-0.65308,-25,0,10,25,0,23
-0.0062448,-0.00278072,-1.29333,-99.9,-99.9,-1,25,0,1
0.0276953,0.245568,-4.79599,-25,0,31,25,0,25
0.150951,-0.107312,-7.06114,-25,0,22,25,0,18
0.00158343,4.89157e-05,3.72337,-25,0,1,-99.9,-99.9,-1
18.6661,-8.26939,-1.51344,-25,0,5,25,0,3
0.184159,-0.0428584,-3.54246,-25,0,41,25,0,43
0,0,-4.1183,-99.9,-99.9,-1,-99.9,-99.9,-1
0.00414969,-9.74981e-05,2.91285,-99.9,-99.9,-1,-99.9,-99.9,-1
-0.0776796,0.0823516,-7.22185,-25,0,12,25,0,14
-0.0018353,0.0527145,-5.34177,-25,0,31,25,0,34
1.56204,-2.11824,-3.50583,-25,0,18,25,0,20
-3.25878e-05,-0.000530474,-9.79128,-25,0,1,25,0,1
-0.000233727,0.000711096,-9.23974,-25,0,1,25,0,1
-0.00158635,-7.0161e-05,8.89007,-99.9,-99.9,-1,25,0,1
0.199272,0.117831,-0.232981,-25,0,50,25,0,47
-1.59408,2.84838,-0.178136,-25,0,32,25,0,31
0.0359397,-0.0474202,0.518799,-25,0,8,25,0,5
0.0299077,-0.0478925,-3.00929,-25,0,7,25,0,6
-0.104158,-1.40568,-0.999258,-25,0,37,25,0,46
0.00126212,-0.000111154,-6.58151,-99.9,-99.9,-1,25,0,1
-0.017203,-0.209405,0.00124659,-25,0,23,25,0,29
-0.1297,-0.122526,-3.43951,-25,0,21,25,0,17
0,0,-7.64715,-99.9,-99.9,-1,-99.9,-99.9,-1
-0.00159485,0.000616011,9.80877,-99.9,-99.9,-1,-99.9,-99.9,-1
1.34764,4.95696,2.34893,-25,0,5,25,0,5
-0.000395508,-0.000574148,-3.11406,-99.9,-99.9,-1,-99.9,-99.9,-1
-15.888,-8.18414,2.63617,-25,0,15,25,0,17
-0.000440941,-0.000103298,-3.77727,-99.9,-99.9,-1,-99.9,-99.9,-1
7.4067,-1.60583,0.389901,-25,0,36,25,0,47
-0.244178,-0.0153561,0.429828,-25,0,48,25,0,32
-0.165918,-0.0881621,6.41133,-25,0,19,25,0,22
